rank,show name,IMDb page link,IMDb rating,# of ratings,genre,airing years,rating system,top casts
1,Planet Earth II(2016),http://imdb.com/title/tt5491994/,9.5,105000,Documentary,2016,TV-G,David Attenborough
2,Planet Earth(2006),http://imdb.com/title/tt0795176/,9.4,174000,Documentary,2006,TV-PG,"David Attenborough, Sigourney Weaver, Nikolay Drozdov, Thomas Anguti Johnston, Huw Cordey, Doug Allan, Mark Linfield, Doug Anderson, Tom Clarke, Dany Cleyet-Marrel, Justine Evans, Mike Holding, Chadden Hunter, Choi Jen, Tania Jenkins, Jonathan Keeling, Michael Kelem, Simon King"
3,Breaking Bad(2008),http://imdb.com/title/tt0903747/,9.4,1600000,"Crime, Drama, Thriller",2008–2013,TV-MA,"Bryan Cranston, Aaron Paul, Anna Gunn, Betsy Brandt, RJ Mitte, Dean Norris, Bob Odenkirk, Steven Michael Quezada, Jonathan Banks, Giancarlo Esposito, Charles Baker, Jesse Plemons, Christopher Cousins, Laura Fraser, Matt Jones, Michael Shamus Wiles, Lavell Crawford, Ray Campbell"
4,Band of Brothers(2001),http://imdb.com/title/tt0185906/,9.4,401000,"Action, Drama, History",2001,TV-MA,"Scott Grimes, Damian Lewis, Ron Livingston, Shane Taylor, Donnie Wahlberg, Peter Youngblood Hills, Matthew Leitch, Nicholas Aaron, Philip Barantini, Michael Cudlitz, Dexter Fletcher, Rick Gomez, James Madio, Ross McCall, Doug Allen, George Calil, Nolan Hemmings, Robin Laing"
5,Chernobyl(2019),http://imdb.com/title/tt7366338/,9.3,618000,"Drama, History, Thriller",2019,TV-MA,"Jessie Buckley, Jared Harris, Stellan Skarsgård, Adam Nagaitis, Emily Watson, Paul Ritter, Robert Emms, Sam Troughton, Karl Davies, Michael Socha, Laura Elphinstone, Jan Ricica, Adrian Rawlins, Alan Williams, Con O'Neill, Douggie McMeekin, Nadia Clifford, David Dencik"
6,The Wire(2002),http://imdb.com/title/tt0306414/,9.3,306000,"Crime, Drama, Thriller",2002–2008,TV-MA,"Dominic West, Lance Reddick, Sonja Sohn, Wendell Pierce, John Doman, Deirdre Lovejoy, Seth Gilliam, Domenick Lombardozzi, Clarke Peters, Andre Royo, Michael Kenneth Williams, Jim True-Frost, Frankie Faison, Corey Parker Robinson, Delaney Williams, J.D. Williams, Wood Harris, Idris Elba"
7,Blue Planet II(2017),http://imdb.com/title/tt6769208/,9.3,37000,Documentary,2017,TV-G,"David Attenborough, Peter Drost, Roger Horrocks, Roger Munns"
8,Our Planet(2019),http://imdb.com/title/tt9253866/,9.2,38000,Documentary,2019,TV-G,David Attenborough
9,Cosmos: A Spacetime Odyssey(2014),http://imdb.com/title/tt2395695/,9.2,116000,Documentary,2014,TV-PG,"Neil deGrasse Tyson, Enn Reitel, Stoney Emshwiller, Christopher Emerson, Piotr Michael, André Sogliuzzo, Larry Cedar, Kirsten Dunst, Phil LaMarr, Amanda Seyfried, Maria Frucci, Seth MacFarlane, Fred Tatasciore, Peggy Jo Jacobs, John Steven Rocha, Keythe Farley, Marlee Matlin, Alfred Molina"
10,Avatar: The Last Airbender(2005),http://imdb.com/title/tt0417299/,9.2,274000,"Animation, Action, Adventure",2005–2008,TV-Y7-FV,"Dee Bradley Baker, Zach Tyler Eisen, Mae Whitman, Jack De Sena, Dante Basco, Michaela Jill Murphy, Mako, Grey Griffin, André Sogliuzzo, Cricket Leigh, Mark Hamill, Jennie Kwan, Olivia Hack, Greg Baldwin, Jim Meskimen, James Garrett, Jason Isaacs, James Sie"
11,Cosmos(1980),http://imdb.com/title/tt0081846/,9.2,39000,Documentary,1980,TV-PG,"Carl Sagan, Jaromír Hanzlík, Jonathan Fahn, Alan Belod, Jean Charney, Bill Grant, Bob Hevelone, Ronald A. Hilbert, Victor C. John, Arthur 'Lonne' Lane, Linda Morabito, Larry Soderblom, Cecilia White, Dana Hlavácová, Josef Vinklár"
12,Game of Thrones(2011),http://imdb.com/title/tt0944947/,9.2,1900000,"Action, Adventure, Drama",2011–2019,TV-MA,"Emilia Clarke, Peter Dinklage, Kit Harington, Lena Headey, Sophie Turner, Maisie Williams, Nikolaj Coster-Waldau, Iain Glen, John Bradley, Alfie Allen, Conleth Hill, Liam Cunningham, Gwendoline Christie, Aidan Gillen, Isaac Hempstead Wright, Rory McCann, Nathalie Emmanuel, Jerome Flynn"
13,The Sopranos(1999),http://imdb.com/title/tt0141842/,9.2,340000,"Crime, Drama",1999–2007,TV-MA,"James Gandolfini, Lorraine Bracco, Edie Falco, Michael Imperioli, Steven Van Zandt, Robert Iler, Tony Sirico, Jamie-Lynn Sigler, Dominic Chianese, Aida Turturro, Steve Schirripa, Drea de Matteo, Dan Grimaldi, Joseph R. Gannascoli, Sharon Angela, John Ventimiglia, Vincent Curatola, Frank Vincent"
14,Rick and Morty(2013),http://imdb.com/title/tt2861424/,9.1,437000,"Animation, Adventure, Comedy",2013– ,TV-MA,"Justin Roiland, Chris Parnell, Spencer Grammer, Sarah Chalke, Kari Wahlgren, Dan Harmon, Maurice LaMarche, Tom Kenny, Brandon Johnson, Ryan Ridley, Nolan North, Cassie Steele, Phil Hendrie, Echo Kellum, Keith David, Rob Schrab, Rob Paulsen, Tara Strong"
15,The World at War(1973),http://imdb.com/title/tt0071075/,9.1,24000,"Documentary, History, War",1973–1974,TV-PG,"Laurence Olivier, Anthony Eden, Averell Harriman, Albert Speer, Siegfried Westphal, J. Lawton Collins, Lawrence Durrell, Toshikazu Kase, Louis Mountbatten, Wynford Vaughan-Thomas, David Belchem, Christabel Bielenberg, Emmi Bonhoeffer, R.A. Butler, Lord Chandos, Francis de Guingand, Adolf Galland, Allan Francis Harding"
16,The Last Dance(2020),http://imdb.com/title/tt8420184/,9.1,98000,"Documentary, Biography, History",2020,TV-MA,"Phil Jackson, Michael Jordan, David Aldridge, Scottie Pippen, Steve Kerr, Michael Wilbon, Deloris Jordan, Andrea Kremer, John Paxson, Bill Wennington, B.J. Armstrong, Bob Costas, Ahmad Rashad, Jerry Reinsdorf, Dennis Rodman, Sam Smith, David Stern, Rick Telander"
17,Life(2009),http://imdb.com/title/tt1533395/,9.1,39000,Documentary,2009,TV-G,"Oprah Winfrey, David Attenborough, Doug Allan, Barrie Britton, Justine Evans, Kevin Flay, Nick Guy, Neil Lucas, Stephen Lyle, Roger Munns, Michael Pitts, Jonathan Smith, Matthew Swarbrick, Doug Anderson, David Baillie, Simon Blakeney, Lincoln Brower, Adam Chapman"
18,Fullmetal Alchemist: Brotherhood(2009),http://imdb.com/title/tt1355642/,9.0,140000,"Animation, Action, Adventure",2009–2012,TV-14,"Kent Williams, Iemasa Kayumi, Vic Mignogna, Romi Park, Muriel Hofmann, Lili Troncale, Rie Kugimiya, Maxey Whitehead, Travis Willingham, Shin'ichirô Miki, Colleen Clinkenbeard, Fumiko Orikasa, Kenta Miyake, J. Michael Tatum, Yuki Hayashi, Caitlin Glass, Monica Rial, Megumi Takamoto"
19,Sherlock(2010),http://imdb.com/title/tt1475582/,9.0,854000,"Crime, Drama, Mystery",2010–2017,TV-14,"Benedict Cumberbatch, Martin Freeman, Una Stubbs, Rupert Graves, Louise Brealey, Mark Gatiss, Andrew Scott, Amanda Abbington, Jonathan Aris, Vinette Robinson, Tanya Moodie, Lindsay Duncan, Yasmine Akram, Sian Brooke, David Nellist, Simon Kunz, Timothy Carlton, Wanda Ventham"
20,The Vietnam War(2017),http://imdb.com/title/tt1877514/,9.0,22000,"Documentary, History, War",2017,TV-MA,"Peter Coyote, Huy Duc, James Willbanks, Duong Van Mai Elliott, John Musgrave, Phan Quang Tue, Karl Marlantes, Nguyen Ngoc, Bao Ninh, Bill Zimmerman, Leslie Gelb, Hal Kushner, Roger Harris, Carol Crocker, Tim O'Brien, Jack Todd, Bui Diem, Robert Gard"
21,Scam 1992: The Harshad Mehta Story(2020),http://imdb.com/title/tt12392504/,9.0,132000,"Biography, Crime, Drama",2020,TV-14,"Pratik Gandhi, Shreya Dhanwanthary, Hemant Kher, Anjali Barot, Chirag Vohra, Brinda Trivedi, Jay Upadhyay, Kumkum Das, Anant Mahadevan, Faisal Rashid, Nikhil Dwivedi, Kavin Dave, Paresh Ganatra, Himanshu Kohli, Aakanksha Gade, K.K. Raina, Raghav Raj Kakker, Kartik Krishnan"
22,The Twilight Zone(1959),http://imdb.com/title/tt0052520/,9.0,76000,"Drama, Fantasy, Horror",1959–1964,TV-PG,"Rod Serling, Robert McCord, Jay Overholts, Vaughn Taylor, David Armstrong, James Turley, Jack Klugman, Burgess Meredith, John Anderson, J. Pat O'Malley, Barney Phillips, George Mitchell, Cyril Delevanti, Jon Lormer, John McLiam, Bill Erwin, Nan Peterson, Lew Brown"
23,The Blue Planet(2001),http://imdb.com/title/tt0296310/,9.0,37000,Documentary,2001,TV-G,"David Attenborough, Pierce Brosnan"
24,Batman: The Animated Series(1992),http://imdb.com/title/tt0103359/,9.0,94000,"Animation, Action, Adventure",1992–1995,TV-PG,"Kevin Conroy, Loren Lester, Efrem Zimbalist Jr., Bob Hastings, Robert Costanzo, Mari Devon, Mark Hamill, Richard Moll, Lloyd Bochner, Arleen Sorkin, John Vernon, Adrienne Barbeau, Brock Peters, Diane Pershing, Paul Williams, Ingrid Oliu, Neil Ross, Aron Kincaid"
25,Human Planet(2011),http://imdb.com/title/tt1806234/,9.0,25000,Documentary,2011,TV-PG,"John Hurt, Roger Munns"
26,Clarkson's Farm(2021),http://imdb.com/title/tt10541088/,8.9,24000,"Documentary, Reality-TV",2021– ,TV-PG,"Jeremy Clarkson, Kaleb Cooper, Charlie Ireland, Gerald Cooper, Lisa Hogan, Kevin Harrison, Ellen Helliwell, Dave Clay"
27,Persona(2018),http://imdb.com/title/tt7920978/,8.9,36000,"Crime, Drama, Mystery",2018,TV-MA,"Haluk Bilginer, Cansu Dere, Metin Akdülger, Sebnem Bozoklu, Hüseyin Avni Danyal, Necip Memili, Senay Gürler, Ayhan Kavas, Önder Selen, Ibrahim Selim, Firat Topkorur, Recep Usta, Rabia Soyturk, Alptekin Ertürk, Müjde Ar, Yusufcan Sancakli, Hümeyra, Volkan Uygun"
28,Firefly(2002),http://imdb.com/title/tt0303461/,8.9,252000,"Adventure, Drama, Sci-Fi",2002–2003,TV-14,"Nathan Fillion, Gina Torres, Alan Tudyk, Morena Baccarin, Adam Baldwin, Jewel Staite, Sean Maher, Summer Glau, Ron Glass, Christina Hendricks, Mark Sheppard, Michael Fairman, Jeff Ricketts, Dennis Cockrum, Zac Efron, Richard Brooks, Steven Flynn, Isabella Hofmann"
29,Frozen Planet(2011),http://imdb.com/title/tt2092588/,8.9,29000,Documentary,2011–2012,TV-PG,"David Attenborough, Alec Baldwin, Chadden Hunter, Ted Giffords, John Aitchison, Doug Allan, Doug Anderson, Miles Barton, Vanessa Berlowitz, Lewis Brower, John Durban, Faye Hicks, Alun Hubbard, Michael Kelem, Mark Linfield, Red McBrian, Jamie McPherson, Hugh Miller"
30,Death Note(2006),http://imdb.com/title/tt0877057/,8.9,273000,"Animation, Crime, Drama",2006–2007,TV-14,"Mamoru Miyano, Brad Swaile, Vincent Tong, Ryô Naitô, Trevor Devall, Brian Drummond, Naoya Uchida, Chris Britton, Keiji Fujiwara, Kappei Yamaguchi, Aya Hirano, Shannon Chan-Kent, Alessandro Juliani, Shidô Nakamura, John Murphy, Kazuya Nakai, Kiyoshi Kobayashi, French Tickner"
31,Dekalog(1989),http://imdb.com/title/tt0092337/,8.9,24000,Drama,1989–1990,TV-MA,"Artur Barcis, Olgierd Lukaszewicz, Aleksander Bardini, Olaf Lubaszenko, Krystyna Janda, Piotr Machalica, Jan Tesarz, Stanislaw Gawlik, Krzysztof Kumor, Katarzyna Piwowarczyk, Maciej Szary, Henryk Baranowski, Miroslaw Baka, Adrianna Biedrzynska, Ewa Blaszczyk, Maria Koscialkowska, Daniel Olbrychski, Anna Polony"
32,True Detective(2014),http://imdb.com/title/tt2356777/,8.9,524000,"Crime, Drama, Mystery",2014–2019,TV-MA,"Vince Vaughn, Colin Farrell, Rachel McAdams, Taylor Kitsch, Matthew McConaughey, Mahershala Ali, Woody Harrelson, Carmen Ejogo, Michelle Monaghan, Stephen Dorff, Michael Potts, Kelly Reilly, Scoot McNairy, Tory Kittles, Ray Fisher, Chris Kerson, Ritchie Coster, Sarah Gadon"
33,Cowboy Bebop(1998),http://imdb.com/title/tt0213338/,8.9,99000,"Animation, Action, Adventure",1998–1999,TV-14,"Kôichi Yamadera, Unshô Ishizuka, Megumi Hayashibara, Steve Blum, Beau Billingslea, Kevin Seymour, Wendee Lee, Isshin Chiba, Melissa Fahn, Aoi Tada, Hiroshi Naka, Tsutomu Tareki, Miki Nagasawa, Toshihiko Nakajima, Jin Hirao, Skip Stellrecht, Kazuhiro Nakata, Shinpachi Tsuji"
34,The Civil War(1990),http://imdb.com/title/tt0098769/,8.9,15000,"Documentary, History, War",1990,TV-14,"David McCullough, Sam Waterston, Julie Harris, Jason Robards, Morgan Freeman, Paul Roebling, Garrison Keillor, George Black, Arthur Miller, Christopher Murney, Charles McDowell, Horton Foote, George Plimpton, Philip Bosco, Terry Courier, Jody Powell, Studs Terkel, Jeremy Irons"
35,Attack on Titan(2013),http://imdb.com/title/tt2560140/,8.9,255000,"Animation, Action, Adventure",2013–2022,TV-MA,"Yûki Kaji, Marina Inoue, Josh Grelle, Yui Ishikawa, Bryce Papenbrook, Trina Nishimura, Kishô Taniyama, Hiro Shimono, Clifford Chapin, Mike McFarland, Romi Park, Hiroshi Kamiya, Yû Kobayashi, Matthew Mercer, Jessica Calvello, Daisuke Ono, Yoshimasa Hosoya, Ashly Burch"
36,Fargo(2014),http://imdb.com/title/tt2802850/,8.9,348000,"Crime, Drama, Thriller",2014– ,TV-MA,"Billy Bob Thornton, Martin Freeman, Allison Tolman, Colin Hanks, Russell Harvard, Bokeem Woodbine, Brad Mann, Kirsten Dunst, Ewan McGregor, Chris Rock, Patrick Wilson, Carrie Coon, Jessie Buckley, Jesse Plemons, Mary Elizabeth Winstead, Jason Schwartzman, David Thewlis, Ted Danson"
37,Hunter x Hunter(2011),http://imdb.com/title/tt2098220/,8.9,74000,"Animation, Action, Adventure",2011–2014,TV-14,"Issei Futamata, Megumi Han, Cristina Valenzuela, Mariya Ise, Michael McConnohie, Erica Mendez, Erika Harlacher, Miyuki Sawashiro, Daisuke Namikawa, Matthew Mercer, Keiji Fujiwara, Keith Silverstein, Wataru Takagi, Tony Oliver, Bill Rogers, Ray Chase, Ben Diskin, Kyle Hebert"
38,When They See Us(2019),http://imdb.com/title/tt7137906/,8.9,106000,"Biography, Crime, Drama",2019,TV-MA,"Asante Blackk, Caleel Harris, Ethan Herisse, Marquis Rodriguez, Marsha Stephanie Blake, Kylie Bunbury, John Leguizamo, Niecy Nash, Suzzanne Douglas, Michael Kenneth Williams, Jharrel Jerome, Aunjanue Ellis, Felicity Huffman, Len Cariou, William Sadler, Adepero Oduye, Alexandra Templer, Denia Brache"
39,The Office(2005),http://imdb.com/title/tt0386676/,8.8,476000,Comedy,2005–2013,TV-14,"Steve Carell, Jenna Fischer, John Krasinski, Rainn Wilson, Leslie David Baker, Brian Baumgartner, Angela Kinsey, Kate Flannery, Phyllis Smith, Creed Bratton, Oscar Nuñez, Mindy Kaling, B.J. Novak, Ed Helms, Paul Lieberstein, Craig Robinson, Ellie Kemper, Zach Woods"
40,Africa(2013),http://imdb.com/title/tt2571774/,8.8,15000,Documentary,2013,TV-PG,"David Attenborough, Simon Blakeney, James Aldred, Katrina Bartlam, Tim Berrow, Andres Bifani, Paul Brehem, Kate Broome, Kahindi Changawa, Martyn Colbeck, Mark Deeble, Stephanie Dolrenry, Justine Evans, Kevin Flay, Mike Fox, Mohammed Hawash, Olubi Lairumbe, Mark MacEwen"
41,Apocalypse: The Second World War(2009),http://imdb.com/title/tt1508238/,8.8,11000,"Documentary, History, War",2009,TV-MA,"Mathieu Kassovitz, Martin Sheen, Rudolf Hess"
42,Last Week Tonight with John Oliver(2014),http://imdb.com/title/tt3530232/,8.8,84000,"Comedy, History, News",2014– ,TV-MA,"John Oliver, David Kaye, Ryan Barger, Noel MacNeal, Alberto Bonilla, H. Jon Benjamin, Gilbert Gottfried, Rachel Dratch, James Wojtal, Kyle Ploof, Paul McGinnis, Alex Webb, Thomas Kopache, Stephanie D'Abruzzo, Jack McBrayer, Frances Mitchell, Moujan Zolfaghari, Susan Evans"
43,Only Fools and Horses(1981),http://imdb.com/title/tt0081912/,8.8,49000,Comedy,1981–2003,TV-PG,"David Jason, Nicholas Lyndhurst, Roger Lloyd Pack, Buster Merryfield, John Challis, Kenneth MacDonald, Lennard Pearce, Gwyneth Strong, Sue Holderness, Patrick Murray, Tessa Peake-Jones, Paul Barber, John Sullivan, Roy Heather, Denis Lill, Nula Conwell, Steven Woodcock, Julie La Rousse"
44,TVF Pitchers(2015),http://imdb.com/title/tt4742876/,8.8,64000,"Comedy, Drama",2015,TV-MA,"Naveen Kasturia, Arunabh Kumar, Jitendra Kumar, Abhay Mahajan, Akanksha Thakur, Maanvi Gagroo, Gopal Datt, Jaimini Pathak, Pranav Bhasin, Rajesh Sharma, Suneel Sinha, Biswapati Sarkar, Arnav Bhasin, Aditi Singh, Natasha Azad, Manjiri Pupala, Abhishek Banerjee, Manuj Sharma"
45,Gravity Falls(2012),http://imdb.com/title/tt1865718/,8.8,86000,"Animation, Action, Adventure",2012–2016,TV-Y7,"Jason Ritter, Alex Hirsch, Kristen Schaal, Linda Cardellini, Kevin Michael Richardson, Matt Chapman, Kari Wahlgren, John DiMaggio, Keith Ferguson, Gregg Turkington, Jennifer Coolidge, Carl Faruolo, Niki Yang, Dee Bradley Baker, T.J. Miller, Will Forte, Grey Griffin, Thurop Van Orman"
46,Seinfeld(1989),http://imdb.com/title/tt0098904/,8.8,272000,Comedy,1989–1998,TV-PG,"Jerry Seinfeld, Julia Louis-Dreyfus, Michael Richards, Jason Alexander, Ruth Cohen, Wayne Knight, Norman Brenner, Heidi Swedberg, Estelle Harris, Jerry Stiller, Liz Sheridan, John O'Hurley, Barney Martin, Len Lesser, Deck McKenzie, Richard Herd, Peggy Lane, Richard Fancy"
47,Das Boot(1985),http://imdb.com/title/tt0081834/,8.8,28000,"Drama, Thriller, War",1985–1987,TV-MA,"Jürgen Prochnow, Herbert Grönemeyer, Klaus Wennemann, Hubertus Bengsch, Martin Semmelrogge, Bernd Tauber, Erwin Leder, Martin May, Heinz Hoenig, Uwe Ochsenknecht, Claude-Oliver Rudolph, Jan Fedder, Ralf Richter, Joachim Bernhard, Oliver Stritzel, Konrad Becker, Lutz Schnell, Martin Hemme"
48,Monty Python's Flying Circus(1969),http://imdb.com/title/tt0063929/,8.8,71000,Comedy,1969–1974,TV-14,"Graham Chapman, John Cleese, Terry Gilliam, Eric Idle, Terry Jones, Michael Palin, Carol Cleveland, Monty Python, Ian Davidson, John Hughman, The Fred Tomlinson Singers, Bob Raymond, Connie Booth, Lyn Ashley, Frank Lester, Rita Davies, Maureen Flanagan, Donna Reading"
49,Nathan for You(2013),http://imdb.com/title/tt2297757/,8.8,23000,"Documentary, Comedy",2013–2017,TV-14,"Nathan Fielder, Anthony Filosa, Brian S. Wolfe, Simon Kellog, William Heath, Salomon Flores, Tony Napoli, James Bailey, Sue Stanford, Cornelius Ladd, Kyle Heitz, Billy Smalling, Marcos Mateo Ochoa, Jason Stone, Corey Calderwood, Jennifer Anderton, H. Jon Benjamin, Javier Arteaga"
50,Friends(1994),http://imdb.com/title/tt0108778/,8.8,904000,"Comedy, Romance",1994–2004,TV-PG,"Jennifer Aniston, Courteney Cox, Lisa Kudrow, Matt LeBlanc, Matthew Perry, David Schwimmer, James Michael Tyler, Elliott Gould, Christina Pickles, Maggie Wheeler, Paul Rudd, Jane Sibbett, Helen Baxendale, Jessica Hecht, June Gable, Tom Selleck, Aisha Tyler, Giovanni Ribisi"
51,Pride and Prejudice(1995),http://imdb.com/title/tt0112130/,8.8,80000,"Drama, Romance",1995,TV-PG,"Colin Firth, Jennifer Ehle, Susannah Harker, Julia Sawalha, Alison Steadman, Benjamin Whitrow, Crispin Bonham-Carter, Polly Maberly, Lucy Briers, Anna Chancellor, Lucy Robinson, Adrian Lukis, David Bamber, Lucy Scott, Lucy Davis, Emilia Fox, Marlene Sidaway, Barbara Leigh-Hunt"
52,Black Mirror(2011),http://imdb.com/title/tt2085059/,8.8,482000,"Drama, Sci-Fi, Thriller",2011– ,TV-MA,"Daniel Lapaine, Hannah John-Kamen, Michaela Coel, Beatrice Robertson-Jones, Charles Babalola, Daniel Kaluuya, Toby Kebbell, Rory Kinnear, Hayley Atwell, Lenora Crichlow, Daniel Rigby, Jon Hamm, Bryce Dallas Howard, Malachi Kirby, Alex Lawther, Kelly Macdonald, Gugu Mbatha-Raw, Wyatt Russell"
53,Twin Peaks(1990),http://imdb.com/title/tt0098936/,8.7,185000,"Crime, Drama, Mystery",1990–1991,TV-MA,"Kyle MacLachlan, Michael Ontkean, Mädchen Amick, Dana Ashbrook, Richard Beymer, Lara Flynn Boyle, Sherilyn Fenn, Warren Frost, Peggy Lipton, James Marshall, Everett McGill, Jack Nance, Joan Chen, Kimmy Robertson, Michael Horse, Piper Laurie, Harry Goaz, Eric DaRe"
54,Over the Garden Wall(2014),http://imdb.com/title/tt3718778/,8.7,47000,"Animation, Adventure, Drama",2014,TV-PG,"Elijah Wood, Collin Dean, Melanie Lynskey, Christopher Lloyd, Samuel Ramey, Jack Jones, John Cleese, Emily Brundige, Shirley Jones, Fred Stoller, Cole Sanchez, Sam Marin, Chris Isaak, Janet Klein, Tim Curry, Noureen DeWulf, Bebe Neuwirth, Deborah Voigt"
55,Kota Factory(2019),http://imdb.com/title/tt9432978/,8.7,62000,"Comedy, Drama",2019–2021,TV-14,"Mayur More, Jitendra Kumar, Ranjan Raj, Alam Khan, Revathi Pillai, Urvi Singh, Harish Peddinti, Ahsaas Channa, Sameer Saxena, Vaibhav Thakkar, Arun Kumar, Abhishake Jha, Sachin Vidrohi, Jyoti Gauba, Rajesh Kumar, Abhaya Sharma, Jaiti Khera, Avi Singh"
56,Fawlty Towers(1975),http://imdb.com/title/tt0072500/,8.7,89000,Comedy,1975–1979,TV-PG,"John Cleese, Prunella Scales, Andrew Sachs, Connie Booth, Ballard Berkeley, Gilly Flower, Renee Roberts, Brian Hall, Terence Conoley, Elizabeth Benson, George Lee, Bernard Cribbins, Michael Gwynn, André Maranne, Bruce Boa, Ken Campbell, Nicky Henson, Geoffrey Palmer"
57,Narcos(2015),http://imdb.com/title/tt2707408/,8.7,384000,"Biography, Crime, Drama",2015–2017,TV-MA,"Pedro Pascal, Lizbeth Eden, Wagner Moura, Boyd Holbrook, Alberto Ammann, Muratcan Savci, Paulina Gaitan, Juan Murcia, Jorge Monterrosa, Damián Alcázar, Francisco Denis, Raúl Méndez, Juan Sebastián Calero, Paulina García, Diego Cataño, Brett Cullen, Julián Díaz, Joanna Christie"
58,Blackadder Goes Forth(1989),http://imdb.com/title/tt0096548/,8.7,50000,"Comedy, War",1989,TV-PG,"Rowan Atkinson, Tony Robinson, Stephen Fry, Hugh Laurie, Tim McInnerny, Gabrielle Glaister, Jeremy Hardy, Rik Mayall, Geoffrey Palmer, Miranda Richardson, Adrian Edmondson, Stephen Frost, Bill Wallis, Hugo Blick, Lee Cornes, Paul Mark Elliott, Jeremy Gittins, Russell Brook"
59,Ted Lasso(2020),http://imdb.com/title/tt10986410/,8.7,119000,"Comedy, Drama, Sport",2020– ,TV-MA,"Jason Sudeikis, Brett Goldstein, Brendan Hunt, Nick Mohammed, Hannah Waddingham, Jeremy Swift, Phil Dunster, Juno Temple, Toheeb Jimoh, Kola Bokinni, Billy Harris, Stephen Manas, Cristo Fernández, Moe Jeudy-Lamour, Annette Badland, Adam Colborne, Bronson Webb, Kevin Garry"
60,It's Always Sunny in Philadelphia(2005),http://imdb.com/title/tt0472954/,8.7,202000,Comedy,2005– ,TV-MA,"Charlie Day, Glenn Howerton, Rob McElhenney, Kaitlin Olson, Danny DeVito, Mary Elizabeth Ellis, David Hornsby, Artemis Pebdani, Lynne Marie Stewart, David Zdunich, Sandy Martin, Lance Barber, Andrew Friedman, Gregory Scott Cummins, Jimmi Simpson, Nate Mooney, Michael Naughton, Catherine Reitman"
61,Freaks and Geeks(1999),http://imdb.com/title/tt0193676/,8.7,135000,"Comedy, Drama",1999–2000,TV-14,"Linda Cardellini, John Francis Daley, James Franco, Samm Levine, Seth Rogen, Jason Segel, Martin Starr, Becky Ann Baker, Joe Flaherty, Busy Philipps, Jerome Elston Scott, Steve Bannos, Dave Allen, Sarah Hagan, Jerry Messing, Natasha Melnick, Stephen Lea Sheppard, Chauncey Leopardi"
62,Better Call Saul(2015),http://imdb.com/title/tt3032476/,8.7,360000,"Crime, Drama",2015–2022,TV-MA,"Bob Odenkirk, Rhea Seehorn, Jonathan Banks, Patrick Fabian, Michael Mando, Giancarlo Esposito, Michael McKean, Tony Dalton, Kerry Condon, Mark Margolis, Cara Pifko, Jeremiah Bitsui, Dennis Boutsikaris, Rex Linn, Josh Fadem, Julian Bonfiglio, Ray Campbell, John Christian Love"
63,Chappelle's Show(2003),http://imdb.com/title/tt0353049/,8.7,59000,"Comedy, Music",2003–2006,TV-MA,"Dave Chappelle, Donnell Rawlings, Rudy Rush, Charlie Murphy, Neal Brennan, Yasiin Bey, Randy Pearlstein, Melle Powers, Greer Barnes, Blaire Reinhard, Yoshio Mita, Paul Mooney, Guillermo Díaz, William Bogert, Sophina Brown, Questlove, Bryan Olsen, Bill Burr"
64,The Mandalorian(2019),http://imdb.com/title/tt8111088/,8.7,360000,"Action, Adventure, Sci-Fi",2019– ,TV-14,"Pedro Pascal, Barry Lowin, Gina Carano, Giancarlo Esposito, Carl Weathers, Chris Bartlett, Misty Rosas, Omid Abtahi, Temuera Morrison, Ming-Na Wen, Katy M. O'Brian, Rio Hackford, Amy Sedaris, Werner Herzog, Nick Nolte, Taika Waititi, Emily Swallow, Gabriel Ebert"
65,Peaky Blinders(2014),http://imdb.com/title/tt2442560/,8.7,417000,"Crime, Drama",2014– ,TV-MA,"Cillian Murphy, Paul Anderson, Helen McCrory, Sophie Rundle, Ned Dennehy, Finn Cole, Ian Peck, Natasha O'Keeffe, Harry Kirton, Joe Cole, Packy Lee, Annabelle Wallis, Kate Phillips, Aimee-Ffion Edwards, Tony Pitts, Jordan Bolger, Sam Neill, Tom Hardy"
66,The West Wing(1999),http://imdb.com/title/tt0200276/,8.7,69000,Drama,1999–2006,TV-14,"Martin Sheen, Rob Lowe, Allison Janney, John Spencer, Bradley Whitford, Janel Moloney, Richard Schiff, Dulé Hill, NiCole Robinson, Melissa Fitzgerald, Joshua Malina, Stockard Channing, Kim Webster, Kris Murphy, Timothy Davis-Reed, Mary McCormack, William Duffy, Peter James Smith"
67,Dark(2017),http://imdb.com/title/tt5753856/,8.7,325000,"Crime, Drama, Mystery",2017–2020,TV-MA,"Louis Hofmann, Karoline Eichhorn, Lisa Vicari, Maja Schöne, Jördis Triebel, Andreas Pietschmann, Stephan Kampwirth, Paul Lux, Christian Hutcherson, Oliver Masucci, Moritz Jahn, Peter Benedict, Gina Stiebitz, Deborah Kaufmann, Daan Lennard Liebrenz, Julika Jenkins, Carlotta von Falkenhayn, Tamar Pelzig"
68,One Punch Man(2015),http://imdb.com/title/tt4508902/,8.7,134000,"Animation, Action, Comedy",2015–2019,TV-PG,"Makoto Furukawa, Kaito Ishikawa, Max Mittelman, Zach Aguilar, Hiromichi Tezuka, Robbie Daymond, Kyle Hebert, Shôta Yamamoto, Yôji Ueda, Sean Chiplock, Yoshiaki Hasegawa, Kirk Thornton, Shin'ya Hamazoe, Bill Rogers, Hikaru Midorikawa, Ben Lepley, Ben Pronsky, Koichi Soma"
69,Steins;Gate(2011),http://imdb.com/title/tt1910272/,8.7,52000,"Animation, Comedy, Drama",2011–2015,TV-14,"Mamoru Miyano, Asami Imai, Kana Hanazawa, Ashly Burch, Trina Nishimura, J. Michael Tatum, Tomokazu Seki, Tyson Rinehart, Cherami Leigh, Yukari Tamura, Saori Gotô, Yû Kobayashi, Masaki Terasoma, Jessica Cavanagh, Christopher Sabat, Lindsay Seidel, Haruko Momoi, Ayano Yamamoto"
70,Dragon Ball Z(1989),http://imdb.com/title/tt0121220/,8.7,74000,"Animation, Action, Adventure",1989–1996,TV-PG,"Jôji Yanami, Kyle Hebert, Masako Nozawa, Sean Schemmel, Christopher Sabat, Mayumi Tanaka, Sonny Strait, Stephanie Nadolny, Toshio Furukawa, Ryô Horikawa, Hiromi Tsuru, Tiffany Vollmer, Mike McFarland, Cynthia Cranz, Hirotaka Suzuoki, Daisuke Gôri, Takeshi Kusao, Tôru Furuya"
71,BoJack Horseman(2014),http://imdb.com/title/tt3398228/,8.7,130000,"Animation, Comedy, Drama",2014–2020,TV-MA,"Will Arnett, Amy Sedaris, Alison Brie, Aaron Paul, Paul F. Tompkins, Adam Conover, Keith Olbermann, Diedrich Bader, Kristen Schaal, Patton Oswalt, Raphael Bob-Waksberg, Aparna Nancherla, J.K. Simmons, Stanley Tucci, Wendie Malick, Angela Bassett, Rami Malek, Stephanie Beatriz"
72,Rome(2005),http://imdb.com/title/tt0384766/,8.7,162000,"Action, Drama, History",2005–2007,TV-MA,"Kevin McKidd, Ray Stevenson, Polly Walker, Kerry Condon, James Purefoy, Ian McNeice, Coral Amiga, Lindsay Duncan, Lidia Biondi, Tobias Menzies, Nicholas Woodeson, David Bamber, Chiara Mastalli, Manfredi Aliquo, Indira Varma, Suzanne Bertish, Max Pirkis, Lee Boardman"
73,Dragon Ball Z(1996),http://imdb.com/title/tt0214341/,8.7,120000,"Animation, Action, Adventure",1996–2003,TV-PG,"Doc Harris, Christopher Sabat, Scott McNeil, Sean Schemmel, Terry Klassen, Brian Drummond, Sonny Strait, Stephanie Nadolny, Don Brown, Tiffany Vollmer, Dale Kelly, Cathy Weseluck, Jillian Michaels, Kyle Hebert, Michael Dobson, Kirby Morrow, Ted Cole, Cynthia Cranz"
74,Curb Your Enthusiasm(2000),http://imdb.com/title/tt0264235/,8.7,111000,Comedy,2000– ,TV-MA,"Larry David, Cheryl Hines, Jeff Garlin, Susie Essman, J.B. Smoove, Richard Lewis, Ted Danson, Bob Einstein, Ashly Holloway, Shelley Berman, Antoinette Spolar, Vivica A. Fox, Carla Jeffery, Nick Nervies, Ann Ryerson, Wanda Sykes, Ellia English, Richard Kind"
75,"I, Claudius(1976)",http://imdb.com/title/tt0074006/,8.7,17000,"Biography, Drama, History",1976,Not Rated,"Derek Jacobi, John Hurt, Siân Phillips, Brian Blessed, George Baker, Margaret Tyzack, James Faulkner, Patricia Quinn, Patrick Stewart, Fiona Walker, Kevin McNally, Bernard Hepton, Sheila White, John Cater, Frances White, David Robb, Freda Dowie, Roger Bizley"
76,Invincible(2021),http://imdb.com/title/tt6741278/,8.7,92000,"Animation, Action, Adventure",2021– ,TV-MA,"Steven Yeun, J.K. Simmons, Sandra Oh, Zazie Beetz, Grey Griffin, Kevin Michael Richardson, Walton Goggins, Gillian Jacobs, Zachary Quinto, Andrew Rannells, Jason Mantzoukas, Khary Payton, Chris Diamantopoulos, Melise, Mark Hamill, Ross Marquand, Clancy Brown, Fred Tatasciore"
77,Oz(1997),http://imdb.com/title/tt0118421/,8.7,94000,"Crime, Drama, Thriller",1997–2003,TV-MA,"Ernie Hudson, J.K. Simmons, Lee Tergesen, Dean Winters, George Morfogen, Terry Kinney, Rita Moreno, Harold Perrineau, Eamonn Walker, Craig muMs Grant, Luna Lauren Velez, Granville Adams, Tom Mardirosian, Kirk Acevedo, BD Wong, Chuck Zito, Philip Scozzarella, Scott William Winters"
78,Vinland Saga(2019),http://imdb.com/title/tt10233448/,8.7,23000,"Animation, Action, Adventure",2019– ,TV-MA,"Zach Aguilar, Ryan Bartley, Dawn Michelle Bennett, Christopher Bevins, Edward Bosco, Kira Buckland, Griffin Burns, Ray Chase, Sean Chiplock, SungWon Cho, Allegra Clark, Lee Cohen, Debi Derryberry, Ben Diskin, Lucien Dodge, D.C. Douglas, Jessica Gee-George, Grant George"
79,Fleabag(2016),http://imdb.com/title/tt5687612/,8.7,123000,"Comedy, Drama",2016–2019,TV-MA,"Phoebe Waller-Bridge, Sian Clifford, Olivia Colman, Jenny Rainsford, Bill Paterson, Brett Gelman, Andrew Scott, Hugh Skinner, Ben Aldridge, Hugh Dennis, Jamie Demetriou, Kae Alexander, Anthony Welsh, Ray Fearon, David Hargreaves, Christian Hillborg, Angus Imrie, Christopher Colquhoun"
80,Leyla and Mecnun(2011),http://imdb.com/title/tt1831164/,8.7,92000,"Adventure, Comedy, Drama",2011–2021,TV-PG,"Ali Atay, Serkan Keskin, Ahmet Mümtaz Taylan, Osman Sonant, Cengiz Bozkurt, Köksal Engür, Ege Tanman, Nalan Kuruçim, Alican Akman, Burak Aykurt, Engin Günay, Neslihan Aker, Istar Gökseven, Sebahat Adalar, Safak Pekdemir, Mehmet Usta, Güliz Gençoglu, Ipek Türktan"
81,Arrested Development(2003),http://imdb.com/title/tt0367279/,8.7,288000,Comedy,2003–2019,TV-14,"Jason Bateman, Michael Cera, Portia de Rossi, Will Arnett, Alia Shawkat, Tony Hale, David Cross, Jeffrey Tambor, Jessica Walter, Ron Howard, Henry Winkler, John Beard, Liza Minnelli, Mae Whitman, Justin Grant Wade, Ed Begley Jr., Isla Fisher, Maria Bamford"
82,Stranger Things(2016),http://imdb.com/title/tt4574334/,8.6,919000,"Drama, Fantasy, Horror",2016– ,TV-14,"Millie Bobby Brown, Finn Wolfhard, Winona Ryder, David Harbour, Gaten Matarazzo, Caleb McLaughlin, Natalia Dyer, Charlie Heaton, Joe Keery, Cara Buono, Noah Schnapp, Sadie Sink, Priah Ferguson, Joe Chrest, Dacre Montgomery, Maya Hawke, Brett Gelman, Rob Morgan"
83,Aspirants(2021),http://imdb.com/title/tt14392248/,8.6,286000,Drama,2021– ,2021– ,"Naveen Kasturia, Shivankit Singh Parihar, Abhilash Thapliyal, Sunny Hinduja, Namita Dubey, Kuljeet Singh, Bijou Thaangjam, Abhishek Solanki, Neetu Jhanjhi, Nupur Nagpal, Rahul Bharadwaj, Arpit Bhatia, Darius Chinoy, Udit Kulshrestha, Preeti Agarwal Mehta, Abhishek Yadav, Lokesh Agarwal, Himansh Ahuja"
84,Six Feet Under(2001),http://imdb.com/title/tt0248654/,8.6,127000,"Comedy, Drama",2001–2005,TV-MA,"Peter Krause, Michael C. Hall, Frances Conroy, Lauren Ambrose, Freddy Rodríguez, Mathew St. Patrick, Rachel Griffiths, Justina Machado, Jeremy Sisto, Brenna Tosh, Bronwyn Tosh, James Cromwell, Lili Taylor, Ben Foster, Joanna Cassidy, Richard Jenkins, Giancarlo Rodriguez, Ed O'Ross"
85,The Marvelous Mrs. Maisel(2017),http://imdb.com/title/tt5788792/,8.6,91000,"Comedy, Drama",2017– ,TV-MA,"Rachel Brosnahan, Alex Borstein, Michael Zegen, Marin Hinkle, Tony Shalhoub, Matilda Szydagis, Nunzio Pascale, Matteo Pascale, Kevin Pollak, Brian Tarantina, Joel Johnstone, Caroline Aaron, Bailey De Young, Cynthia Darlow, Luke Kirby, Jane Lynch, LeRoy McClain, Zachary Levi"
86,The Adventures of Sherlock Holmes(1984),http://imdb.com/title/tt0086661/,8.6,21000,"Crime, Drama, Mystery",1984–1985,TV-PG,"Jeremy Brett, David Burke, Rosalie Williams, Eric Porter, Tenniel Evans, David Gwillim, Gayle Hunnicutt, Norman Jones, Jeremy Kemp, Rosalind Knight, Barbara Wilshere, Joss Ackland, Nicholas Clay, Rosalie Crutchley, Charles Gray, Roger Hammond, Betsy Brantley, John Castle"
87,South Park(1997),http://imdb.com/title/tt0121955/,8.6,345000,"Animation, Comedy",1997– ,TV-MA,"Trey Parker, Matt Stone, Isaac Hayes, Mona Marshall, April Stewart, Adrien Beard, Eliza Schneider, Jennifer Howell, Jessica Makinson, Mary Kay Bergman, Omaira Coromoto Rivero, Sergio Sáez, Kyle McCulloch, John 'Nancy' Hansen, Vernon Chatman, Elisa Gabrielli, Betty Boogie Parker, Jonathan Kimmel"
88,The Boys(2019),http://imdb.com/title/tt1190634/,8.6,316000,"Action, Crime, Drama",2019– ,TV-MA,"Karl Urban, Jack Quaid, Antony Starr, Erin Moriarty, Dominique McElligott, Jessie T. Usher, Laz Alonso, Chace Crawford, Tomer Capon, Karen Fukuhara, Nathan Mitchell, Colby Minifie, Aya Cash, Claudia Doumit, Elisabeth Shue, Shantel VanSanten, Nneka Elliott, Laila Robins"
89,House of Cards(2013),http://imdb.com/title/tt1856010/,8.6,482000,Drama,2013–2018,TV-MA,"Kevin Spacey, Michel Gill, Robin Wright, Kate Mara, Michael Kelly, Justin Doescher, Derek Cecil, Jayne Atkinson, Nathan Darrow, Mahershala Ali, Boris McGiver, Paul Sparks, Molly Parker, Neve Campbell, Jeremy Holm, Marla Aaron Wapner, Nini Le Huynh, Gregory Divers"
90,Succession(2018),http://imdb.com/title/tt7660850/,8.6,67000,Drama,2018– ,TV-MA,"Nicholas Braun, Brian Cox, Kieran Culkin, Matthew Macfadyen, Alan Ruck, Sarah Snook, Jeremy Strong, Hiam Abbass, Peter Friedman, J. Smith-Cameron, Rob Yang, Arian Moayed, Scott Nicholson, Dagmara Dominczyk, Justine Lupe, David Rasche, Juliana Canfield, Natalie Gold"
91,One Piece(1999),http://imdb.com/title/tt0388629/,8.6,87000,"Animation, Action, Adventure",1999– ,TV-14,"Mayumi Tanaka, Tony Beck, Laurent Vernin, Akemi Okamura, Kappei Yamaguchi, Kazuya Nakai, Hiroaki Hirata, Ikue Ôtani, Colleen Clinkenbeard, Mahito Ôba, Yuriko Yamaguchi, Chikao Ohtsuka, Kazuki Yao, Luci Christian, Christopher Sabat, Sonny Strait, Eric Vale, Chô"
92,Battlestar Galactica(2004),http://imdb.com/title/tt0407362/,8.6,158000,"Action, Adventure, Drama",2004–2009,TV-14,"Edward James Olmos, Mary McDonnell, Jamie Bamber, James Callis, Tricia Helfer, Grace Park, Katee Sackhoff, Michael Hogan, Aaron Douglas, Tahmoh Penikett, Alessandro Juliani, Kandyse McClure, Bodie Olmos, Donnelly Rhodes, Michael Trucco, Nicki Clyne, Leah Cairns, Rekha Sharma"
93,Justice League Unlimited(2004),http://imdb.com/title/tt6025022/,8.6,13000,"Animation, Action, Adventure",2004–2006,TV-Y7-FV,"George Newbern, Kevin Conroy, Phil LaMarr, Carl Lumbly, Susan Eisenberg, Clancy Brown, Michael Rosenbaum, Maria Canals-Barrera, Kin Shriner, CCH Pounder, Lex Lang, Nicholle Tom, Juliet Landau, Jennifer Hale, Michael Beach, Robert Foxworth, Chris Cox, Powers Boothe"
94,The Thick of It(2005),http://imdb.com/title/tt0459159/,8.6,22000,Comedy,2005–2012,TV-MA,"Chris Addison, James Smith, Peter Capaldi, Joanna Scanlan, Rebecca Front, Roger Allam, Will Smith, Olivia Poulet, Vincent Franklin, Ben Willbond, Polly Kemp, Lucinda Raikes, Chris Langham, Justin Edwards, Tony Gardner, Samantha Harrington, Geoffrey Streatfeild, Alex Macqueen"
95,House M.D.(2004),http://imdb.com/title/tt0412142/,8.6,432000,"Drama, Mystery",2004–2012,TV-14,"Hugh Laurie, Omar Epps, Robert Sean Leonard, Jesse Spencer, Lisa Edelstein, Bobbin Bergstrom, Jennifer Morrison, Peter Jacobson, Olivia Wilde, Kal Penn, Odette Annable, Charlyne Yi, Anne Dudek, Jennifer Crystal Foley, Amber Tamblyn, Liz Benoit, Stephanie Venditto, Sela Ward"
96,The Simpsons(1989),http://imdb.com/title/tt0096697/,8.6,382000,"Animation, Comedy",1989– ,TV-PG,"Dan Castellaneta, Nancy Cartwright, Harry Shearer, Julie Kavner, Yeardley Smith, Hank Azaria, Pamela Hayden, Tress MacNeille, Chris Edgerly, Karl Wiedergott, Maggie Roswell, Russi Taylor, Marcia Wallace, Kevin Michael Richardson, Phil Hartman, Joe Mantegna, Maurice LaMarche, Kelsey Grammer"
97,The Jinx: The Life and Deaths of Robert Durst(2015),http://imdb.com/title/tt4299972/,8.6,42000,"Documentary, Crime, Mystery",2015,TV-14,"Robert Durst, Andrew Jarecki, Gary Napoli, Debra Kay Anderson, Dick DeGuerin, Michael Simon Hall, Kevin J. Hynes, Jeanine Pirro, Charles Bagli, Susan Berman, Cody Cazalas, Chelsea Gonzalez, Jeszenia Jimenez, Gilberte Najamy, Marc Smerling, Ellen Strauss, Eric Rizk, Bobbi Bacha"
98,The Shield(2002),http://imdb.com/title/tt0286486/,8.6,76000,"Crime, Drama, Thriller",2002–2008,TV-MA,"Michael Chiklis, Michael Jace, Jay Karnes, CCH Pounder, Walton Goggins, Benito Martinez, Catherine Dent, Cathy Cahlin Ryan, David Rees Snell, Kenny Johnson, David Marciano, Autumn Chiklis, Paula Garcés, Michele Hicks, Melanie Myers, Joel Rosenthal, Matt Corboy, Chaney Kley"
99,The Crown(2016),http://imdb.com/title/tt4786824/,8.6,176000,"Biography, Drama, History",2016– ,TV-MA,"Claire Foy, Olivia Colman, Imelda Staunton, Matt Smith, Tobias Menzies, Jonathan Pryce, Lesley Manville, Elizabeth Debicki, Dominic West, Charles Edwards, Marion Bailey, Victoria Hamilton, Helena Bonham Carter, Vanessa Kirby, Pip Torrens, Sam Phillips, Erin Doherty, Will Keen"
100,It's a Sin(2021),http://imdb.com/title/tt9140342/,8.6,25000,"Comedy, Drama, History",2021,TV-MA,"Olly Alexander, Nathaniel Curtis, Shaun Dooley, Omari Douglas, Lydia West, Keeley Hawes, Neil Ashton, Callum Scott Howells, Toto Bruin, David Carlyle, Tracy Ann Oberman, Delroy Brown, Shaniqua Okwok, Michelle Greenidge, Andria Doherty, Stephen Fry, Ken Christiansen, David Gregan-Jones"
101,Berserk(1997),http://imdb.com/title/tt0318871/,8.6,33000,"Animation, Action, Adventure",1997–1998,TV-14,"Nobutoshi Canna, Marc Diraison, Carrie Keranen, Kevin T. Collins, Unshô Ishizuka, Jon Avner, Carla Tassara, Yûko Miyamura, Akira Ishida, Tomohiro Nishimura, Toshiyuki Morikawa, Christopher Kromer, Akiko Yajima, Marc Sebastian, Masuo Amada, Jeff Ward, Michelle Newman, Eiji Sekiguchi"
102,The Return of Sherlock Holmes(1986),http://imdb.com/title/tt0090509/,8.6,11000,"Crime, Drama, Mystery",1986–1988,TV-PG,"Jeremy Brett, Edward Hardwicke, Rosalie Williams, Colin Jeavons, Denis Lill, Harry Andrews, Clive Francis, James Hazeldine, Alan Howard, Eric Porter, Eric Sykes, Paul Williamson, Peter Barkworth, Charles Gray, Freddie Jones, Denis Quilley, Patrick Allen, Christopher Benjamin"
103,The Grand Tour(2016),http://imdb.com/title/tt5712554/,8.6,68000,"Comedy, Talk-Show",2016– ,TV-14,"Jeremy Clarkson, James May, Richard Hammond, Abbie Eaton, Mike Skinner, Simon Pegg, David Hasselhoff, Paris Hilton, Kiefer Sutherland, Johan Ackermann, Jimmy Carr, Jérôme d'Ambrosio, John Surtees, Casey Anderson, Michael Ball, Tim Burton, Roger Daltrey, Chris Hoy"
104,Downton Abbey(2010),http://imdb.com/title/tt1606375/,8.6,181000,"Drama, Romance",2010–2015,TV-PG,"Hugh Bonneville, Phyllis Logan, Elizabeth McGovern, Brendan Coyle, Laura Carmichael, Jim Carter, Michelle Dockery, Joanne Froggatt, Robert James-Collier, Sophie McShera, Lesley Nicol, Maggie Smith, Penelope Wilton, Kevin Doyle, Allen Leech, David Robb, Dan Stevens, Siobhan Finneran"
105,Ramayan(1987),http://imdb.com/title/tt0268093/,8.6,18000,"Adventure, Drama, Family",1987–1988,TV-14,"Arun Govil, Deepika Chikhalia, Sunil Lahri, Arvind Trivedi, Dara Singh, Sanjay Jog, Samir Rajda, Shyamsundar Kalani, Vijay Arora, Bal Dhuri, Jayshree Gadkar, Padma Khanna, Rajni Bala, Mukesh Rawal, Nalin Dave, Aparajita, Lalita Pawar, Renu Dhariwal"
106,Line of Duty(2012),http://imdb.com/title/tt2303687/,8.6,50000,"Crime, Drama, Mystery",2012–2021,TV-14,"Martin Compston, Vicky McClure, Adrian Dunbar, Craig Parkinson, Gregory Piper, Aiysha Hart, Maya Sondhi, Keeley Hawes, Nigel Boyle, Polly Walker, Paul Higgins, Anneika Rose, Neil Morrissey, Tomi May, Ace Bhatti, Elizabeth Rider, Tony Pitts, Kelly Macdonald"
107,Mahabharat(1988),http://imdb.com/title/tt0158417/,8.6,16000,"Adventure, Drama, History",1988–1990,TV-14,"Harish Bhimani, Nitish Bharadwaj, Mukesh Khanna, Gajendra Chauhan, Praveen Kumar, Arjun, Roopa Ganguly, Puneet Issar, Pankaj Dheer, Gufi Paintal, Girija Shankar, Surendra Pal, Renuka Israni, Nazneen, Virendra Razdan, Vinod Kapoor, Sameer Chitre, Sanjeev Chitre"
108,Deadwood(2004),http://imdb.com/title/tt0348914/,8.6,100000,"Crime, Drama, History",2004–2006,TV-MA,"Timothy Olyphant, Ian McShane, Molly Parker, Brad Dourif, W. Earl Brown, John Hawkes, Paula Malcomson, Dayton Callie, Leon Rippy, William Sanderson, Robin Weigert, Sean Bridgers, Bree Seanna Wall, Jim Beaver, Jeffrey Jones, Kim Dickens, Powers Boothe, Titus Welliver"
109,Top Gear(2002),http://imdb.com/title/tt1628033/,8.6,113000,"Adventure, Comedy, Reality-TV",2002– ,TV-PG,"Jeremy Clarkson, Richard Hammond, James May, The Stig, Ben Collins, Chris Harris, Matt LeBlanc, Rory Reid, Andrew Flintoff, Paddy McGuinness, The Stig, Perry McCarthy, Sabine Schmitz, Jason Dawe, Andy Wilman, Chris Evans, Josh Cohen, Tom Chilton"
110,Star Trek: The Next Generation(1987),http://imdb.com/title/tt0092455/,8.6,109000,"Action, Adventure, Mystery",1987–1994,TV-PG,"Patrick Stewart, Brent Spiner, Jonathan Frakes, LeVar Burton, Marina Sirtis, Michael Dorn, Gates McFadden, Majel Barrett, Wil Wheaton, Colm Meaney, James G. Becker, Denise Crosby, Whoopi Goldberg, Diana Muldaur, Patti Yasutake, Nora Leonhardt, Dennis Madalone, Michelle Forbes"
111,Haikyuu!!(2014),http://imdb.com/title/tt3398540/,8.6,17000,"Animation, Comedy, Drama",2014–2020,TV-14,"Ayumu Murase, Kaito Ishikawa, Yu Hayashi, Satoshi Hino, Miyu Irino, Koki Uchiyama, Sôma Saitô, Nobuhiko Okamoto, Yoshimasa Hosoya, Hiroshi Kamiya, Toshiki Masuda, Bryson Baugus, Greg Cote, Justin Doran, Adam Gibbs, Scott Gibbs, Gabriel Regojo, Leraldo Anzaldua"
112,Atlanta(2016),http://imdb.com/title/tt4288182/,8.6,58000,"Comedy, Drama, Music",2016– ,TV-MA,"Donald Glover, Brian Tyree Henry, LaKeith Stanfield, Zazie Beetz, Khris Davis, RJ Walker, Harold House Moore, Matthew Barnes, Myra Lucretia Taylor, Cranston Johnson, Griffin Freeman, Derrick Haywood, Brandon Hirsch, Diane Sellers, Emmett Hunter, Monique Grant, Dennis L.A. White, Rick Holmes"
113,Lonesome Dove(1989),http://imdb.com/title/tt0096639/,8.6,22000,"Adventure, Drama, Western",1989,TV-14,"Robert Duvall, Tommy Lee Jones, Danny Glover, Diane Lane, Robert Urich, Frederic Forrest, D.B. Sweeney, Ricky Schroder, Anjelica Huston, Chris Cooper, Timothy Scott, Glenne Headly, Barry Corbin, William Sanderson, Barry Tubb, Gavan O'Herlihy, Steve Buscemi, Frederick Coffin"
114,Formula 1: Drive to Survive(2019),http://imdb.com/title/tt8289930/,8.6,29000,"Documentary, Sport",2019– ,TV-MA,"Valtteri Bottas, Will Buxton, Pierre Gasly, Lewis Hamilton, Charles Leclerc, Kevin Magnussen, Sergio Pérez, Daniel Ricciardo, Kimi Räikkönen, Carlos Sainz, Lance Stroll, Max Verstappen, Sebastian Vettel, Esteban Ocon, Lando Norris, George Russell, Toto Wolff, Romain Grosjean"
115,The Bridge(2011),http://imdb.com/title/tt1733785/,8.6,63000,"Crime, Mystery, Thriller",2011–2018,TV-MA,"Sofia Helin, Rafael Pettersson, Sarah Boberg, Dag Malmberg, Kim Bodnia, Puk Scharbau, Thure Lindhardt, Lars Simonsen, Gabriel Flores Jair, Henrik Lundström, Maria Kulle, Julie Carlsen, Emil Birk Hartmann, Anette Lindbäck, Said William Legue, Kristina Brändén Whitaker, Lotte Munk, Vickie Bak Laursen"
116,Mad Men(2007),http://imdb.com/title/tt0804503/,8.6,220000,Drama,2007–2015,TV-14,"Jon Hamm, Elisabeth Moss, Vincent Kartheiser, January Jones, Christina Hendricks, Aaron Staton, Rich Sommer, John Slattery, Kiernan Shipka, Robert Morse, Christopher Stanley, Jessica Paré, Jay R. Ferguson, Michael Gladis, Bryan Batt, Alison Brie, Jared Harris, Kevin Rahm"
117,Gullak(2019),http://imdb.com/title/tt10530900/,8.6,11000,"Comedy, Drama, Family",2019– ,2019– ,"Jameel Khan, Geetanjali Kulkarni, Vaibhav Raj Gupta, Harsh Mayar, Shivankit Singh Parihar, Sunita Rajwar, Deepak Kumar Mishra, Saad Bilgrami, Ashwini, Ajay Pal, Abhishake Jha, Bilal Khan, Dev Kumar, Amar Singh Parihar, Rudra Pratap Singh Parihar, Gaurav Sarathe, Avinash Bundela, Sweta Joshi"
118,Demon Slayer: Kimetsu no Yaiba(2019),http://imdb.com/title/tt9335498/,8.6,54000,"Animation, Action, Adventure",2019– ,TV-MA,"Natsuki Hanae, Zach Aguilar, Abby Trott, Akari Kitô, Aleks Le, Hiro Shimono, Yoshitsugu Matsuoka, Bryce Papenbrook, Doug Erholtz, Johnny Yong Bosch, Brook Chalmers, Takahiro Sakurai, Saori Hayami, Erika Harlacher, Takumi Yamazaki, Shinya Takahashi, Hôchû Ôtsuka, Reba Buhr"
119,Code Geass(2006),http://imdb.com/title/tt0994314/,8.6,58000,"Animation, Action, Drama",2006–2012,TV-14,"Jun Fukuyama, Takahiro Sakurai, Johnny Yong Bosch, Yukana, Ami Koshimizu, Yuri Lowenthal, Kate Higgins, Karen Strassman, Brian Beacock, Noriaki Sugiyama, Tetsu Shiratori, Akeno Watanabe, Liam O'Brien, Sayaka Ôhara, Kikuko Inoue, Mitsuaki Madono, Kirk Thornton, Deborah Sale Butler"
120,Sarabhai V/S Sarabhai(2004),http://imdb.com/title/tt1518542/,8.6,16000,Comedy,2004–2017,TV-PG,"Satish Shah, Ratna Pathak Shah, Sumeet Raghavan, Rupali Ganguly, Rajesh Kumar, Ghanshyam Nayak, Deven Bhojani, Arvind Vaidya, Shilpa Mehta, Rita Bhaduri, Sheetal Thakkar, Vaibhavi Upadhyay, Aishwarya Sakhuja, Gurpal Singh, Gerald Stone, Aatish Kapadia, Jamnadas Majethia, Meher Acharia-Dar"
121,Blackadder II(1986),http://imdb.com/title/tt0088484/,8.6,45000,Comedy,1986,TV-PG,"Rowan Atkinson, Tony Robinson, Tim McInnerny, Miranda Richardson, Stephen Fry, Patsy Byrne, Tony Aitken, Hugh Laurie, Tom Baker, Holly De Jong, Gabrielle Glaister, Ronald Lacey, Miriam Margolyes, Max Harvey, Simon Jones, Rik Mayall, Cassie Stuart, Bill Wallis"
122,Parks and Recreation(2009),http://imdb.com/title/tt1266020/,8.6,233000,Comedy,2009–2015,TV-14,"Amy Poehler, Jim O'Heir, Nick Offerman, Chris Pratt, Aubrey Plaza, Aziz Ansari, Retta, Rashida Jones, Adam Scott, Rob Lowe, Jay Jackson, Paul Schneider, Ben Schwartz, Mo Collins, Yvans Jourdain, Jon Glaser, Billy Eichner, James Greene"
123,The X-Files(1993),http://imdb.com/title/tt0106179/,8.6,210000,"Crime, Drama, Mystery",1993–2018,TV-14,"David Duchovny, Gillian Anderson, Mitch Pileggi, William B. Davis, Robert Patrick, Tom Braidwood, Bruce Harwood, Dean Haglund, Annabeth Gish, Nicholas Lea, James Pickens Jr., Sheila Larken, Chris Owens, Don S. Williams, Steven Williams, Jerry Hardin, Laurie Holden, Rebecca Toolan"
124,Peep Show(2003),http://imdb.com/title/tt0387764/,8.6,56000,Comedy,2003–2015,TV-MA,"David Mitchell, Robert Webb, Matt King, Olivia Colman, Neil Fitzmaurice, Isy Suttie, Paterson Joseph, Sophie Winkleman, Jim Howick, Rachel Blanchard, Elizabeth Marmur, Vera Graziadei, Camilla Beeput, Emily Bruni, Paul Clayton, Cariad Lloyd, Catherine Shepherd, Endy McKay"
125,Jujutsu Kaisen(2020),http://imdb.com/title/tt12343534/,8.6,31000,"Animation, Action, Adventure",2020– ,TV-MA,"Junya Enoki, Adam McArthur, Yûichi Nakamura, Yuma Uchida, Asami Seto, Mitsuo Iwata, Nobunaga Shimazaki, Tomokazu Seki, Mikako Komatsu, Koki Uchiyama, Jun'ichi Suwabe, Tara Sands, Kenjirô Tsuda, Shigeru Chiba, Takaya Kuroda, Amber Lee Connors, Takahiro Sakurai, Subaru Kimura"
126,Westworld(2016),http://imdb.com/title/tt0475784/,8.6,453000,"Drama, Mystery, Sci-Fi",2016– ,TV-MA,"Evan Rachel Wood, Jeffrey Wright, Ed Harris, Thandiwe Newton, Tessa Thompson, James Marsden, Luke Hemsworth, Angela Sarafyan, Anthony Hopkins, Simon Quarterman, Rodrigo Santoro, Shannon Woodward, Jimmi Simpson, Talulah Riley, Ptolemy Slocum, Leonardo Nam, Ingrid Bolsø Berdal, Ben Barnes"
127,Friday Night Lights(2006),http://imdb.com/title/tt0758745/,8.6,61000,"Drama, Sport",2006–2011,TV-14,"Kyle Chandler, Connie Britton, Zach Gilford, Aimee Teegarden, Brad Leland, Taylor Kitsch, Jesse Plemons, Derek Phillips, Blue Deckert, Minka Kelly, Adrianne Palicki, Timothy F. Crowley, Louanne Stephens, Stacey Oristano, Scott Porter, Gaius Charles, David Cowgill, Gary Teague"
128,Gomorrah(2014),http://imdb.com/title/tt2049116/,8.6,33000,"Crime, Drama, Thriller",2014–2021,TV-MA,"Salvatore Esposito, Marco D'Amore, Cristiana Dell'Anna, Fortunato Cerlino, Ivana Lotito, Fabio De Caro, Cristina Donadio, Christian Giroso, Giovanni Buselli, Arturo Muselli, Alessandro Palladino, Roberto Oliveri, Riccardo Ciccarelli, Carmine Monaco, Lino Musella, Francesco Capriello, Marco Palvetti, Salvatore Vacca"
129,Young Justice(2010),http://imdb.com/title/tt1641384/,8.6,35000,"Animation, Action, Adventure",2010– ,TV-PG,"Danica McKellar, Nolan North, Jesse McCartney, Stephanie Lemelin, Khary Payton, Jason Spisak, Bruce Greenwood, Crispin Freeman, Zehra Fazal, Troy Baker, Kevin Michael Richardson, Masasa Moyo, Grey Griffin, Phil LaMarr, Eric Lopez, Jason Marsden, Yuri Lowenthal, Dee Bradley Baker"
130,Mindhunter(2017),http://imdb.com/title/tt5290382/,8.6,245000,"Crime, Drama, Thriller",2017–2019,TV-MA,"Jonathan Groff, Holt McCallany, Anna Torv, Hannah Gross, Sonny Valicenti, Stacey Roca, Joe Tuttle, Zachary Scott Ross, Cotter Smith, Albert Jones, Lauren Glazier, Michael Cerveris, Dohn Norwood, Gareth Williams, June Carryl, Cameron Britton, Nate Corddry, Sierra Aylina McClain"
131,Battlestar Galactica(2003),http://imdb.com/title/tt0314979/,8.6,72000,"Action, Adventure, Drama",2003,TV-14,"Edward James Olmos, Mary McDonnell, Katee Sackhoff, Jamie Bamber, James Callis, Tricia Helfer, Callum Keith Rennie, Grace Park, Michael Hogan, Matthew Bennett, Paul Campbell, Aaron Douglas, Barclay Hope, Lorena Gale, Kandyse McClure, Connor Widdows, John Mann, Alessandro Juliani"
132,Monster(2004),http://imdb.com/title/tt0434706/,8.6,24000,"Animation, Crime, Drama",2004–2010,TV-14,"Hidenobu Kiuchi, Liam O'Brien, Mamiko Noto, Karen Strassman, Nozomu Sasaki, Tsutomu Isobe, Richard Epcar, Junko Takeuchi, Ichirô Nagai, Keith Silverstein, Mami Koyama, Tara Platt, Michael McConnohie, Paul St. Peter, Takayuki Sugô, Hideyuki Tanaka, Laura Bailey, Nobuyuki Katsube"
133,The Haunting of Hill House(2018),http://imdb.com/title/tt6763664/,8.6,206000,"Drama, Horror, Mystery",2018,TV-MA,"Michiel Huisman, Carla Gugino, Henry Thomas, Elizabeth Reaser, Oliver Jackson-Cohen, Kate Siegel, Victoria Pedretti, Lulu Wilson, Mckenna Grace, Paxton Singleton, Julian Hilliard, Violet McGraw, Timothy Hutton, Anthony Ruivivar, Samantha Sloyan, Annabeth Gish, Robert Longstreet, Olive Elise Abercrombie"
134,This Is Us(2016),http://imdb.com/title/tt5555260/,8.6,119000,"Comedy, Drama, Romance",2016–2022,TV-14,"Milo Ventimiglia, Mandy Moore, Sterling K. Brown, Chrissy Metz, Justin Hartley, Susan Kelechi Watson, Chris Sullivan, Eris Baker, Faithe Herman, Jon Huertas, Mackenzie Hancsicsak, Parker Bates, Hannah Zeile, Lonnie Chavis, Niles Fitch, Logan Shroyer, Lyric Ross, Ron Cephas Jones"
135,Anne with an E(2017),http://imdb.com/title/tt5421602/,8.6,46000,"Drama, Family",2017–2019,TV-PG,"Amybeth McNulty, Geraldine James, R.H. Thomson, Dalila Bela, Lucas Jade Zumann, Corrine Koslo, Helen Johns, Aymeric Jett Montaz, Kyla Matthews, Jonathan Holmes, Lia Pappas-Kemps, Jacob Ursomarzo, Dalmar Abuzeid, Miranda McKeon, Jacob Horsley, Glenna Walters, Christian Martyn, Philip Williams"
136,Dexter(2006),http://imdb.com/title/tt0773262/,8.5,679000,"Crime, Drama, Mystery",2006–2013,TV-MA,"Michael C. Hall, Jennifer Carpenter, David Zayas, James Remar, C.S. Lee, Luna Lauren Velez, Desmond Harrington, Julie Benz, Christina Robinson, Geoff Pierson, Preston Bailey, Aimee Garcia, Luke Andrew Kruntchev, Erik King, Evan George Kruntchev, Dana L. Wilson, Yvonne Strahovski, David Ramsey"
137,Father Ted(1995),http://imdb.com/title/tt0111958/,8.5,38000,Comedy,1995–1998,TV-14,"Dermot Morgan, Ardal O'Hanlon, Frank Kelly, Pauline McLynn, Tony Guilfoyle, Patrick Drury, Rynagh O'Grady, Maurice O'Donoghue, Arthur Mathews, Don Wycherley, Pat Shortt, Jim Norton, Graham Norton, Don Foley, Paul Woodfull, Joe Taylor, Tom Farrelly, Rosemary Henderson"
138,The Bugs Bunny Show(1960),http://imdb.com/title/tt0053488/,8.5,32000,"Animation, Comedy",1960–1975,TV-G,"Mel Blanc, June Foray, Jim Backus, Bea Benaderet, Julie Bennett, Billy Bletcher, Daws Butler, Stan Freberg, Ben Frommer, Joan Gerber, Hal Smith, B.J. Ward, Arthur Q. Bryan"
139,Blackadder the Third(1987),http://imdb.com/title/tt0092324/,8.5,43000,Comedy,1987,TV-PG,"Rowan Atkinson, Tony Robinson, Hugh Laurie, Helen Atkinson Wood, Robbie Coltrane, Hugh Paddick, Kenneth Connor, Stephen Fry, Vincent Hanna, Tim McInnerny, Miranda Richardson, Warren Clarke, Lee Cornes, Gertan Klauber, Denis Lill, Nigel Planer, Chris Barrie, Ben Elton"
140,Archer(2009),http://imdb.com/title/tt1486217/,8.5,145000,"Animation, Action, Comedy",2009– ,TV-MA,"H. Jon Benjamin, Judy Greer, Amber Nash, Chris Parnell, Aisha Tyler, Jessica Walter, Lucky Yates, Adam Reed, Dave Willis, George Coe, Tom Kane, Jeffrey Tambor, Peter Newman, Maggie Wheeler, Leigh Jackson, Christian Slater, Ron Leibman, Neal Holman"
141,Yeh Meri Family(2018),http://imdb.com/title/tt8595766/,8.5,22000,"Comedy, Drama, Family",2018,TV-14,"Vishesh Bansal, Mona Singh, Akarsh Khurana, Ahan Nirban, Ruhi Khan, Prasad Reddy, Revathi Pillai, Brij Bhushan Shukla, Burjor Dastur, Nishaad Javeri, Jai Shankar Tripathi, Mazda Taraporewala, Dinesh, Aman Malhotra, Mukesh Yadav, Rajiv Kachroo, Vijay Koshy, Abhay Pannu"
142,Daredevil(2015),http://imdb.com/title/tt3322312/,8.5,382000,"Action, Crime, Drama",2015–2018,TV-MA,"Charlie Cox, Vincent D'Onofrio, Deborah Ann Woll, Elden Henson, Royce Johnson, Geoffrey Cantor, Jay Ali, Jon Bernthal, Stephen Rider, Wilson Bethel, Ayelet Zurer, Peter McRobbie, Amy Rutberg, Elodie Yung, Toby Leonard Moore, Joanne Whalley, Vondie Curtis-Hall, Bob Gunton"
143,The Queen's Gambit(2020),http://imdb.com/title/tt10048342/,8.5,357000,Drama,2020,TV-MA,"Anya Taylor-Joy, Chloe Pirrie, Bill Camp, Marcin Dorocinski, Marielle Heller, Thomas Brodie-Sangster, Moses Ingram, Harry Melling, Isla Johnston, Janina Elkin, Matthew Dennis Lewis, Russell Dennis Lewis, Patrick Kennedy, Christiane Seidel, Jacob Fortune-Lloyd, Akemnji Ndifornyen, Annabeth Kelly, Dolores Carbonari"
144,Panchayat(2020),http://imdb.com/title/tt12004706/,8.5,46000,"Comedy, Drama",2020– ,TV-14,"Jitendra Kumar, Raghuvir Yadav, Chandan Roy, Faisal Malik, Neena Gupta, Biswapati Sarkar, Pooja Singh, Subendhu Chakraborty, Sushil Tondon, Mubarak Khan, Kamal Rai, Govind Lobhani, Bal Mukund Rai, Salim Ansari, Mohd. Shakir, Dinesh Tiwaru, Kailash Karoshiya, Durgesh Kumar"
145,The Newsroom(2012),http://imdb.com/title/tt1870479/,8.5,109000,Drama,2012–2014,TV-MA,"Jeff Daniels, Emily Mortimer, John Gallagher Jr., Alison Pill, Thomas Sadoski, Dev Patel, Olivia Munn, Sam Waterston, Chris Chalk, Margaret Judson, Adina Porter, John F. Carpenter, Thomas Matthews, Trieu Tran, Charlie Weirauch, Wynn Everett, Riley Voelkel, Chris Messina"
146,Rurouni Kenshin: Trust and Betrayal(1999),http://imdb.com/title/tt0203082/,8.5,14000,"Animation, Action, Adventure",1999,Not Rated,"Mayo Suzukaze, Junko Iwao, Nozomu Sasaki, Masami Suzuki, Shûichi Ikeda, Tomokazu Seki, Wataru Takagi, Ryûsei Nakao, Hirotaka Suzuoki, Akari Hibino, Minoru Uchida, Tetsuya Iwanaga, Satoshi Tsuruoka, Mitsuaki Hoshino, Hiromi Setsu, Rikiya Koyama, Hiroshi Takahashi, Hiroshi Shimozaki"
147,Yes Minister(1980),http://imdb.com/title/tt0080306/,8.5,14000,Comedy,1980–1984,TV-PG,"Paul Eddington, Nigel Hawthorne, Derek Fowlds, Diana Hoddinott, John Nettleton, Neil Fitzwiliam, Arthur Cox, John Savident, John Pennington, Antony Carrick, Robert Dougall, Richard Vernon, Tenniel Evans, John Barron, Ian Lavender, Nigel Stock, Edward Jewesbury, Rosemary Williams"
148,QI(2003),http://imdb.com/title/tt0380136/,8.5,31000,"Comedy, Game-Show",2003– ,TV-PG,"Alan Davies, Stephen Fry, Sandi Toksvig, Phill Jupitus, Bill Bailey, Jimmy Carr, Jo Brand, David Mitchell, Sean Lock, Rich Hall, Ross Noble, Jason Manford, Clive Anderson, Aisling Bea, Sue Perkins, Rob Brydon, Josh Widdicombe, Jeremy Clarkson"
149,Behzat Ç.: Bir Ankara Polisiyesi(2010),http://imdb.com/title/tt1795096/,8.5,29000,"Crime, Drama, Mystery",2010–2019,TV-14,"Erdal Besikçioglu, Inanç Konukçu, Ege Aydan, Berkan Sal, Mustafa Balci, Ayça Eren, Fatih Artman, Seda Bakan, Eray Eserol, Berke Üzrek, Zeynep Koltuk, Canan Erguder, Hakan Hatipoglu, Elvin Besikcioglu, Nejat Isler, Güven Kiraç, Pelinsu Pir, Ayça Varlier"
150,Crash Landing on You(2019),http://imdb.com/title/tt10850932/,8.5,19000,"Adventure, Comedy, Romance",2019–2020,TV-14,"Hyun Bin, Son Ye-jin, Seo Ji-hye, Kim Jung-hyun, Yang Kyung-won, Yoo Su-bin, Lee Sin-young, Tang Joon-sang, Kim Jung-nan, Jang So-yeon, Kim Sun-young, Cha Cheong-hwa, Go Gyu-pil, Park Hyoung-soo, Oh Man-seok, Yun Ji-min, Park Myeong-hoon, Hwang Woo-seul-hye"
151,The Eric Andre Show(2012),http://imdb.com/title/tt2244495/,8.5,16000,Comedy,2012– ,TV-MA,"Eric André, Hannibal Buress, Robert Smith, Tom Ato, Early McCalister, Pfelton Sutton, Jerry Wheeler, Adora Dei, John Bueno, JV Smith, Jermaine Fowler, Tom Kane, Felipe Esparza, Duane R. Shepard Sr., Don Peake, Sumiyo Iwasawa, Emilio Palame, Harold Cannon"
152,Black Sun(2017),http://imdb.com/title/tt6108262/,8.5,11000,"Crime, Drama, Thriller",2017– ,TV-MA,"Andrija Kuzmanovic, Marija Bergam, Dragan Bjelogrlic, Jovana Stojiljkovic, Nenad Jezdic, Gordan Kicic, Goran Bogdan, Aleksandar Gligoric, Nebojsa Dugalic, Aleksandar Stojkovic, Slobodan 'Boda' Ninkovic, Branimir Brstina, Marko Zivic, Milos Samolov, Srdjan 'Zika' Todorovic, Toni Mihajlovski, Petre Arsovski, Vojislav 'Voja' Brajovic"
153,Through the Wormhole(2010),http://imdb.com/title/tt1513168/,8.5,17000,Documentary,2010–2017,TV-PG,"Morgan Freeman, Sean Carroll, Michio Kaku, Carlos Frenk, Kip Thorne, Max Tegmark, Paul Davies, Lee Smolin, Janna Levin, Frank Tipler, Frank Close, Andy Albrecht, Michael Persinger, Paul Steinhardt, Alan Guth, Steve Nahn, David Spergel, Will Wright"
154,Poirot(1989),http://imdb.com/title/tt0094525/,8.5,41000,"Crime, Drama, Mystery",1989–2013,TV-14,"David Suchet, Hugh Fraser, Philip Jackson, Pauline Moran, David Yelland, Zoë Wanamaker, Richard Bebb, George Little, Phillip Manikum, Jona Jones, Patrick Ryecart, Nicholas Farrell, Barbara Barnes, John Carson, Richard Hope, Richard Durden, Sean Pertwee, Beatie Edney"
155,Making a Murderer(2015),http://imdb.com/title/tt5189670/,8.5,90000,"Documentary, Crime",2015–2018,TV-14,"Steven Avery, Dolores Avery, Laura Nirider, Allan Avery, Jerry Buting, Dean Strang, Kathleen Zellner, Barb Tadych, Brendan Dassey, Ken Kratz, Steven Drizin, Len Kachinsky, Kim Ducat, Sandra Greenman, Stephen Glynn, Chuck Avery, Peter Dassey, Robert Dvorak"
156,Cobra Kai(2018),http://imdb.com/title/tt7221388/,8.5,128000,"Action, Comedy, Drama",2018– ,TV-14,"Courtney Henggeler, Mary Mouser, Tanner Buchanan, Ralph Macchio, Xolo Maridueña, William Zabka, Jacob Bertrand, Gianni DeCenzo, Martin Kove, Vanessa Rubio, Peyton List, Aedin Mincks, Owen Morgan, Khalil Everage, Nichole Brown, Hannah Kepple, Joe Seo, Griffin Santopietro"
157,Justified(2010),http://imdb.com/title/tt1489428/,8.5,92000,"Action, Crime, Drama",2010–2015,TV-MA,"Timothy Olyphant, Nick Searcy, Joelle Carter, Jacob Pitts, Erica Tazel, Walton Goggins, Natalie Zea, Jere Burns, David Meunier, Jonathan Kowalsky, Rick Gomez, Raymond J. Barry, Jesse Luken, Damon Herriman, Jeremy Davies, Justin Welborn, Mykelti Williamson, Kaitlyn Dever"
158,North & South(2004),http://imdb.com/title/tt0417349/,8.5,31000,"Drama, Romance",2004,TV-PG,"Daniela Denby-Ashe, Richard Armitage, Tim Pigott-Smith, Sinéad Cusack, Brendan Coyle, Pauline Quirke, Jo Joyner, Kay Lyon, Lesley Manville, Anna Maxwell Martin, Emma Owen, Jane Booker, Tom Charnock, William Houston, John Light, Brian Protheroe, Will Tacey, Lucy Brown"
159,Spaced(1999),http://imdb.com/title/tt0187664/,8.5,53000,"Action, Comedy",1999–2001,TV-14,"Jessica Hynes, Simon Pegg, Julia Deakin, Nick Frost, Mark Heap, Katy Carmichael, Aida the Dog, Lucy Akhurst, Anna Wilson-Jones, Bill Bailey, James Lance, Peter Serafinowicz, Clive Russell, Sally Grace, Rowena Cooper, Michael Smiley, Gemma Padley, Jonathan Ryland"
160,Long Way Round(2004),http://imdb.com/title/tt0403778/,8.5,13000,"Documentary, Adventure",2004–2010,TV-PG,"Ewan McGregor, Charley Boorman, David Alexanian, Russ Malkin, Claudio von Planta, Jimmy Simak, Olly Boorman, Eve Mavrakis, Doone Boorman, Kinvara Boorman, Jim McGregor, Daisy Boorman, John Boorman, Christel Kruse Boorman, Carol McGregor, Margrit von Planta, Martijn Berndsen, Sarah Epstein"
161,Mr. Bean(1990),http://imdb.com/title/tt0096657/,8.5,109000,"Comedy, Family",1990–1995,TV-G,"Rowan Atkinson, Robin Driscoll, Matilda Ziegler, Matthew Ashforde, Roger Sloman, Susie McKenna, Nick Hancock, C.J. Allen, Rupert Vansittart, Howard Goodall, Hugo Mendez, Christopher Driscoll, Rupert Bates, Paul Bown, Angus Deayton, Dave O'Higgins, Richard Wilson, Michael Fenton Stevens"
162,The Family Man(2019),http://imdb.com/title/tt9544034/,8.5,76000,"Action, Comedy, Drama",2019– ,TV-14,"Manoj Bajpayee, Samantha Ruth Prabhu, Priyamani, Sharib Hashmi, Ashlesha Thakur, Vedant Sinha, Shahab Ali, Shreya Dhanwanthary, Sharad Kelkar, Dalip Tahil, Darshan Kumaar, Sunny Hinduja, Aritro Rudraneil Banerjee, Pawan Chopra, Neeraj Madhav, Mime Gopi, Srikrishna Dayal, Vijay Vikram Singh"
163,Neon Genesis Evangelion(1995),http://imdb.com/title/tt0112159/,8.5,59000,"Animation, Action, Drama",1995–1996,TV-MA,"Megumi Ogata, Megumi Hayashibara, Kotono Mitsuishi, Spike Spencer, Allison Keith, Sue Ulu, Amanda Winn Lee, Tristan MacAvery, Tiffany Grant, Guil Lunde, Matt Greenfield, Kendra Benham, Jason Lee, Carrie Keranen, Casey Mongillo, Ryan Bartley, Pedro de Aguillón, Erica Lindbeck"
164,Justice League(2001),http://imdb.com/title/tt0275137/,8.5,44000,"Animation, Action, Adventure",2001–2004,TV-PG,"Carl Lumbly, Phil LaMarr, Michael Rosenbaum, George Newbern, Maria Canals-Barrera, Kevin Conroy, Susan Eisenberg, Jason Marsden, Mark Hamill, Clancy Brown, Corey Burton, Jennifer Hale, Phil Morris, Olivia d'Abo, Susan Sullivan, Richard Doyle, Brian George, Kevin Michael Richardson"
165,Naruto: Shippûden(2007),http://imdb.com/title/tt0988824/,8.5,101000,"Animation, Action, Adventure",2007–2017,TV-PG,"Junko Takeuchi, Maile Flanagan, Kate Higgins, Chie Nakamura, Dave Wittenberg, Kazuhiko Inoue, Kyle Hebert, Yuri Lowenthal, Noriaki Sugiyama, Masako Katsuki, Debi Mae West, Colleen O'Shaughnessey, Steve Blum, Stephanie Sheh, Shôtarô Morikubo, Tom Gibis, Rikiya Koyama, Troy Baker"
166,From the Earth to the Moon(1998),http://imdb.com/title/tt0120570/,8.5,12000,"Action, Drama, History",1998,TV-14,"Tom Hanks, Nick Searcy, Lane Smith, David Andrews, Daniel Hugh Kelly, Stephen Root, David Clyde Carr, Tim Daly, Steve Hofvendahl, Conor O'Farrell, Brett Cullen, Cary Elwes, Ben Marley, Mike Pniewski, Holmes Osborne, Tom Verica, John Posey, Rita Wilson"
167,Samurai Champloo(2004),http://imdb.com/title/tt0423731/,8.5,44000,"Animation, Action, Adventure",2004–2005,TV-MA,"Kazuya Nakai, Ginpei Sato, Ayako Kawasumi, Steve Blum, Kirk Thornton, Kari Wahlgren, Doug Stone, Erik Davies, Masakazu Kohara, Tsuguo Mogami, Shunsuke Sakuya, Yoshinori Sonobe, Masao Harada, Takehiro Murozono, Steve Kramer, Paul St. Peter, Kim Strauss, Doug Erholtz"
168,Boardwalk Empire(2010),http://imdb.com/title/tt0979432/,8.5,179000,"Crime, Drama, History",2010–2014,TV-MA,"Steve Buscemi, Kelly Macdonald, Michael Shannon, Shea Whigham, Stephen Graham, Vincent Piazza, Michael Kenneth Williams, Paul Sparks, Gretchen Mol, Michael Stuhlbarg, Anthony Laciura, Jack Huston, Anatol Yusef, Brady Noon, Connor Noon, Lucy Gallina, Josie Gallina, Declan McTigue"
169,Dragon Ball(1986),http://imdb.com/title/tt0088509/,8.5,52000,"Animation, Action, Adventure",1986–1989,TV-14,"Masako Nozawa, Jôji Yanami, Brice Armstrong, Stephanie Nadolny, Hiromi Tsuru, Mayumi Tanaka, Tôru Furuya, Naoko Watanabe, Kôhei Miyauchi, Naoki Tatsuta, Mami Koyama, Kenji Utsumi, Hirotaka Suzuoki, Noeli Santisteban, Daisuke Gôri, Takeshi Aono, Tesshô Genda, Hiroko Emori"
170,Pose(2018),http://imdb.com/title/tt7562112/,8.5,25000,Drama,2018–2021,TV-MA,"Michaela Jaé (MJ) Rodriguez, Dominique Jackson, Indya Moore, Angel Bismark Curiel, Billy Porter, Hailie Sahar, Dyllon Burnside, Jason A. Rodriguez, Ryan Jamaal Swain, Jeremy McClain, Angelica Ross, Sandra Bernhard, Alexia Garcia, Jiggly Caliente, Jack Mizrahi, Leiomy Maldonado, Evan Peters, Charlayne Woodard"
171,Twin Peaks(2017),http://imdb.com/title/tt4093826/,8.5,62000,"Crime, Drama, Fantasy",2017,TV-MA,"Kyle MacLachlan, Sheryl Lee, Michael Horse, Chrysta Bell, Miguel Ferrer, David Lynch, Robert Forster, Kimmy Robertson, Naomi Watts, Laura Dern, Pierce Gagnon, Harry Goaz, Al Strobel, John Pirruccello, Don Murray, Mädchen Amick, Dana Ashbrook, Brent Briscoe"
172,Flight of the Conchords(2007),http://imdb.com/title/tt0863046/,8.5,58000,"Comedy, Music, Musical",2007–2009,TV-MA,"Jemaine Clement, Bret McKenzie, Rhys Darby, Kristen Schaal, Arj Barker, Frank Wood, Eugene Mirman, David Costabile, Sutton Foster, Rachel Blanchard, Brian Sergent, Adrian Martinez, Lenny Venito, José Ramón Rosario, Kelly Taffe, Victor Williams, Aziz Ansari, Todd Barry"
173,Dragon Ball(1995),http://imdb.com/title/tt0280249/,8.5,57000,"Animation, Action, Adventure",1995–2003,TV-14,"Brice Armstrong, Steve Olson, Stephanie Nadolny, Zoe Slusar, Christopher Sabat, Tiffany Vollmer, Leda Davies, Mike McFarland, Monika Antonelli, Victor Atelevich, Chris Simms, Bradford Jackson, Mike Thiessen, Laurie Steele, Meredith McCoy, John Burgmeier, Rocío Garcel, Chuck Huber"
174,"Yes, Prime Minister(1986)",http://imdb.com/title/tt0086831/,8.5,11000,Comedy,1986–1987,TV-PG,"Paul Eddington, Nigel Hawthorne, Derek Fowlds, Diana Hoddinott, Deborah Norton, John Nettleton, Peter Cellier, Miranda Forbes, Frederick Treves, Antony Carrick, Barry Stanton, Donald Pickering, Peter Cartwright, Michael Aldridge, John Barron, Clive Francis, Frank Middlemass, John Wells"
175,Adventure Time(2010),http://imdb.com/title/tt1305826/,8.5,84000,"Animation, Action, Adventure",2010–2018,TV-PG,"John DiMaggio, Jeremy Shada, Tom Kenny, Hynden Walch, Niki Yang, Pendleton Ward, Dee Bradley Baker, Maria Bamford, Steve Little, Olivia Olson, Kent Osborne, Cole Sanchez, Polly Lou Livingston, Jessica DiCicco, Andy Milonakis, Jackie Buscarino, Tom Herpich, Justin Roiland"
176,Mystery Science Theater 3000(1988),http://imdb.com/title/tt0094517/,8.5,24000,"Comedy, Sci-Fi",1988–1999,TV-14,"Joel Hodgson, Michael J. Nelson, Trace Beaulieu, Kevin Murphy, Jim Mallon, Frank Conniff, Mary Jo Pehl, Bill Corbett, Patrick Brantseg, Alexandra Carr, Paul Chaplin, J. Elvis Weinstein, Bridget Jones, Beez McKeever, Peter Rudrud, Bradley J. Keely, Nathan Molstead, Timothy Scott"
177,What We Do in the Shadows(2016),http://imdb.com/title/tt7908628/,8.5,50000,"Comedy, Fantasy, Horror",2016– ,TV-MA,"Kayvan Novak, Matt Berry, Natasia Demetriou, Harvey Guillén, Mark Proksch, Kristen Schaal, Anthony Atamanuik, Doug Jones, Veronika Slowikowska, Jake McDorman, Beanie Feldstein, Gloria Laino, Karly Bon, Kae Kae Lee, Indiana Mehta, Gavin Fox, Chris Sandiford, Andy Hull"
178,Mr. Robot(2015),http://imdb.com/title/tt4158110/,8.5,354000,"Crime, Drama, Thriller",2015–2019,TV-MA,"Rami Malek, Christian Slater, Carly Chaikin, Martin Wallström, Portia Doubleday, Michael Cristofer, Grace Gummer, BD Wong, Stephanie Corneliussen, Vaishnavi Sharma, Gloria Reuben, Sunita Mani, Azhar Khan, Joey Bada$$, Omar Metwally, Michael Drayer, Michel Gill, Jeremy Holm"
179,Mob Psycho 100(2016),http://imdb.com/title/tt5897304/,8.5,22000,"Animation, Action, Comedy",2016–2019,TV-14,"Setsuo Ito, Takahiro Sakurai, Akio Ôtsuka, Miyu Irino, Yoshitsugu Matsuoka, Ryunosuke Watanuki, Daiki Hamano, Yoshimasa Hosoya, Seiichiro Yamashita, Kôhei Amasaki, Kyle McCarley, Chris Niosi, Toshihiko Seki, Max Mittelman, Jade Dennis, Landon McDonald, Atsumi Tanezaki, Chris Hackney"
180,The IT Crowd(2006),http://imdb.com/title/tt0487831/,8.5,141000,Comedy,2006–2013,TV-14,"Chris O'Dowd, Richard Ayoade, Katherine Parkinson, Matt Berry, Christopher Morris, Noel Fielding, Graham Linehan, Tom Binns, Lewis Macleod, Belinda Stewart-Wilson, Peter Serafinowicz, Gemma Chan, Cordelia Bugeja, Togo Igawa, John Willie Hopkins, Dolly Wells, Pete Deagle, Ben Moor"
181,Alfred Hitchcock Presents(1955),http://imdb.com/title/tt0047708/,8.5,16000,"Comedy, Crime, Drama",1955–1962,TV-14,"Alfred Hitchcock, Harry Tyler, John Williams, Patricia Hitchcock, Arthur Gould-Porter, Raymond Bailey, Russell Collins, Robert Carson, Barry Harvey, Robert H. Harris, Ray Teal, Bartlett Robinson, David Fresco, Lillian O'Malley, Robert Horton, Percy Helton, Ralph Clanton, Charles Davis"
182,Coupling(2000),http://imdb.com/title/tt0237123/,8.5,44000,"Comedy, Romance",2000–2004,TV-14,"Jack Davenport, Gina Bellman, Sarah Alexander, Kate Isitt, Ben Miles, Richard Coyle, Richard Mylan, Lou Gish, Olivia Caffrey, Mariella Frostrup, Lloyd Owen, Elizabeth Marmur, Emilia Fox, Adam Astill, Michael Price, Amanda Abbington, Anat Dychtwald, Raji James"
183,Fullmetal Alchemist(2003),http://imdb.com/title/tt0421357/,8.5,66000,"Animation, Action, Adventure",2003–2004,TV-PG,"Vic Mignogna, Aaron Dismuke, Romi Park, Rie Kugimiya, Maria Tamar, Travis Willingham, Tôru Ohkawa, Colleen Clinkenbeard, Caitlin Glass, Christopher Sabat, Kenji Utsumi, Megumi Toyoguchi, Michiko Neya, Laura Bailey, Yûko Satô, Mike McFarland, Ed Blaylock, Yasunori Matsumoto"
184,Doctor Who(2005),http://imdb.com/title/tt0436992/,8.5,208000,"Adventure, Drama, Family",2005– ,TV-PG,"Jodie Whittaker, Peter Capaldi, Pearl Mackie, Matt Smith, David Tennant, Nicholas Briggs, Jon Davey, Jenna Coleman, Paul Kasey, Karen Gillan, Billie Piper, Mandip Gill, Arthur Darvill, Simon Carew, Bradley Walsh, Tosin Cole, Ruari Mears, Freema Agyeman"
185,Yellowstone(2018),http://imdb.com/title/tt4236770/,8.5,48000,"Drama, Western",2018– ,TV-MA,"Kevin Costner, Luke Grimes, Kelly Reilly, Wes Bentley, Cole Hauser, Kelsey Asbille, Brecken Merrill, Jefferson White, Gil Birmingham, Ian Bohen, Forrie J. Smith, Denim Richards, Mo Brings Plenty, Danny Huston, Jake Ream, Wendy Moniz-Grillo, Ryan Bingham, Atticus Todd"
186,Skam(2015),http://imdb.com/title/tt5288312/,8.5,31000,"Drama, Romance",2015–2017,Not Rated,"Josefine Frida Pettersen, Iman Meskini, Ulrikke Falch, Lisa Teige, Tarjei Sandvik Moe, Ina Svenningdal, Marlon Valdés Langeland, Herman Tømmeraas, Thomas Hayes, Carl Martin Eggesbø, Kristina Ødegaard, Cecilie Martinsen, David Stakston, Henrik Holm, Rakel Øfsti Nesje, Sacha Kleber Nyiligira, Cengiz Al, Simo Mohamed Elhbabi"
187,Homicide: Life on the Street(1993),http://imdb.com/title/tt0106028/,8.5,12000,"Crime, Drama, Mystery",1993–1999,TV-14,"Richard Belzer, Clark Johnson, Yaphet Kotto, Kyle Secor, Andre Braugher, Melissa Leo, Reed Diamond, Sharon Ziman, Peter Gerety, Jon Seda, Toni Lewis, Isabella Hofmann, Callie Thorne, Clayton LeBouef, Zeljko Ivanek, Max Perlich, Daniel Baldwin, Ned Beatty"
188,Letterkenny(2016),http://imdb.com/title/tt4647692/,8.5,17000,Comedy,2016– ,TV-MA,"Jared Keeso, Nathan Dales, Michelle Mylett, Andrew Herr, K. Trevor Wilson, Dylan Playfair, Tyler Johnston, Evan Stern, Patrick McNeil, Lisa Codrington, Jacob Tierney, Kamilla Kowal, Dan Petronijevic, Mark Forward, Jay Bertin, Joel Gagne, Kaniehtiio Horn, Clark Backo"
189,Endeavour(2012),http://imdb.com/title/tt2701582/,8.5,22000,"Crime, Drama, Mystery",2012– ,TV-14,"Shaun Evans, Roger Allam, James Bradshaw, Sean Rigby, Anton Lesser, Caroline O'Neill, Abigail Thaw, Sara Vickers, Dakota Blue Richards, Jack Laskey, Jack Bannon, Shvorne Marks, Lewis Peek, Simon Harrison, Carol Royle, Richard Riddell, Mark Arden, Flora London"
190,Detectorists(2014),http://imdb.com/title/tt4082744/,8.5,13000,Comedy,2014–2017,Not Rated,"Mackenzie Crook, Toby Jones, Rachael Stirling, Gerard Horan, Pearce Quigley, Divian Ladwa, Laura Checkley, Sophie Thompson, Orion Ben, Aimee-Ffion Edwards, Simon Farnaby, Paul Casar, Alexa Davies, Lucy Benjamin, Rebecca Callard, Jacob Hill, Daniel Donskoy, Isabella Hill"
191,Silicon Valley(2014),http://imdb.com/title/tt2575988/,8.5,136000,Comedy,2014–2019,TV-MA,"Thomas Middleditch, T.J. Miller, Josh Brener, Martin Starr, Kumail Nanjiani, Amanda Crew, Zach Woods, Matt Ross, Jimmy O. Yang, Suzanne Cryer, Chris Diamantopoulos, Chris Williams, Stephen Tobolowsky, Rogelio T. Ramos, Scott Prendergast, Aly Mawji, Jill E. Alexander, Bernard White"
192,Impractical Jokers(2011),http://imdb.com/title/tt2100976/,8.5,37000,"Comedy, Reality-TV",2011– ,TV-14,"Brian Quinn, James Murray, Sal Vulcano, Joe Gatto, Casey Jost, Rob Emmer, Drew Patterson, Bill St. James, Joey Fatone, John Szeluga, Cole Weber, Frank Contacessa, Jay Miller, Daniel Cast, Chase Dominick, Johnna Scrabis, Steven Hopper, Andrew Hood"
193,Louie(2010),http://imdb.com/title/tt1492966/,8.5,77000,"Comedy, Drama",2010–2015,TV-MA,"Louis C.K., Hadley Delany, Ursula Parker, Pamela Adlon, Steve Fabricant, Susan Kelechi Watson, Nick Di Paolo, Todd Barry, Jim Norton, Robert Kelly, William Stephenson, Edward Gelbinovich, Gary Wilmes, Eszter Balint, Ellen Burstyn, Charles Grodin, Parker Posey, Amy Landecker"
194,Generation Kill(2008),http://imdb.com/title/tt0995832/,8.5,50000,"Drama, War",2008,TV-MA,"Alexander Skarsgård, James Ransone, Lee Tergesen, Jon Huertas, Stark Sands, Billy Lush, Jonah Lotan, Wilson Bethel, Pawel Szajda, Marc Menchaca, Rey Valentin, Kellan Lutz, Mike Figueroa, Rudy Reyes, Rich McDonald, Eric Ladin, Chance Kelly, Eric Nenninger"
195,Shameless(2011),http://imdb.com/title/tt1586680/,8.5,218000,"Comedy, Drama",2011–2021,TV-MA,"Emmy Rossum, William H. Macy, Ethan Cutkosky, Jeremy Allen White, Shanola Hampton, Steve Howey, Emma Kenney, Cameron Monaghan, Michael Patrick McGill, Noel Fisher, Jim Hoffmaster, Brenden Sims, Isidora Goreshter, Christian Isaiah, Joan Cusack, Justin Chatwin, Scott Michael Campbell, Kate Miner"
196,Hannibal(2013),http://imdb.com/title/tt2243973/,8.5,240000,"Crime, Drama, Horror",2013–2015,TV-MA,"Hugh Dancy, Mads Mikkelsen, Caroline Dhavernas, Laurence Fishburne, Scott Thompson, Aaron Abrams, Gillian Anderson, Hettienne Park, Kacey Rohl, Lara Jean Chorostecki, Raúl Esparza, Vladimir Jon Cubrt, Katharine Isabelle, Kalen Davidson, Eddie Izzard, Richard Armitage, Gina Torres, Rutina Wesley"
197,Chef's Table(2015),http://imdb.com/title/tt4295140/,8.5,14000,Documentary,2015–2019,TV-MA,"Dan Barber, Massimo Bottura, Bill Buford, Lara Gilmore, Francis Mallmann, Niki Nakayama, Magnus Nilsson, Ruth Reichl, Ben Shewry, Grant Achatz, Gaggan Anand, Colman Andrews, Garima Arora, Alex Atala, Luiz Américo Camargo, David Chang, Dominique Crenn, Mason Florence"
198,Spartacus: Gods of the Arena(2011),http://imdb.com/title/tt1758429/,8.5,132000,"Action, Adventure, Biography",2011,TV-MA,"John Hannah, Manu Bennett, Peter Mensah, Dustin Clare, Nick E. Tarabay, Lucy Lawless, Craig Walsh-Wrightson, Lesley-Ann Brandt, Antonio Te Maioha, Stephen Lovatt, Shane Rangi, Jessica Grace Smith, Raicho Vasilev, Ioane King, Marisa Ramirez, Gareth Williams, Jeffrey Thomas, Jaime Murray"
199,The Expanse(2015),http://imdb.com/title/tt3230854/,8.5,124000,"Drama, Mystery, Sci-Fi",2015– ,TV-14,"Wes Chatham, Steven Strait, Dominique Tipper, Shohreh Aghdashloo, Cas Anvar, Frankie Adams, Cara Gee, Shawn Doyle, Thomas Jane, Florence Faivre, Chad L. Coleman, Nadine Nicole, Keon Alexander, Jasai Chase Owens, Andrew Rotilio, Nick E. Tarabay, Anna Hopkins, David Strathairn"
200,The Office(2001),http://imdb.com/title/tt0290978/,8.5,104000,"Comedy, Drama",2001–2003,TV-MA,"Ricky Gervais, Martin Freeman, Mackenzie Crook, Lucy Davis, Ewen MacIntosh, Ben Bradshaw, Jamie Deeks, Jane Lucas, Emma Manton, Alexander Perkins, Philip Pickard, Joel Beckett, Patrick Baladi, Julie Fernandez, Rachel Isaac, Howard Saddler, Stirling Gallacher, Ralph Ineson"
201,The Night Of(2016),http://imdb.com/title/tt2401256/,8.5,135000,"Crime, Drama, Mystery",2016,TV-MA,"Riz Ahmed, John Turturro, Bill Camp, Amara Karan, Payman Maadi, Jeannie Berlin, Poorna Jagannathan, Michael Kenneth Williams, Paul Sparks, Syam M. Lafi, David Cheekz Weeks, Sofia Black-D'Elia, Afton Williamson, Paulo Costanzo, Nabil Elouahabi, Mustafa Shakir, Joshua Bitton, Lord Jamar"
202,Ezel(2009),http://imdb.com/title/tt1534360/,8.5,30000,"Crime, Drama, Thriller",2009–2011,TV-14,"Kenan Imirzalioglu, Cansu Dere, Yigit Özsener, Baris Falay, Tuncel Kurtiz, Bade Iscil, Sarp Akkaya, Bayazit Gülercan, Ipek Bilgin, Nurhan Özenen, Baris Serma, Ataberk Ural, Burçin Terzioglu, Riza Kocaoglu, Salih Kalyon, Kemal Uçar, Levent Can, Mert Akbas"
203,Your Lie in April(2014),http://imdb.com/title/tt3895150/,8.4,23000,"Animation, Drama, Music",2014–2015,TV-PG,"Natsuki Hanae, Risa Taneda, Ayane Sakura, Ryôta Ôsaka, Jennifer Alyx, Megan Crockett, Erika Harlacher, Erik Scott Kimerer, Christina McBride, Amanda Céline Miller, Ryan Raydarke, Abelina Sabrina Rios, Adin Rudd, Julie Ann Taylor, Erica Lindbeck, Kyle McCarley, Landon McDonald, Erica Mendez"
204,Samurai Jack(2001),http://imdb.com/title/tt0278238/,8.4,49000,"Animation, Action, Adventure",2001–2017,TV-14,"Phil LaMarr, Mako, Kevin Michael Richardson, Jeff Bennett, Grey Griffin, Tara Strong, Tom Kenny, Daran Norris, Greg Baldwin, John DiMaggio, Jennifer Hale, Dee Bradley Baker, Sab Shimono, Richard McGonagle, Lauren Tom, Keone Young, Rob Paulsen, Clyde Kusatsu"
205,Whose Line Is It Anyway?(1998),http://imdb.com/title/tt0163507/,8.4,42000,"Comedy, Game-Show",1998–2007,TV-PG,"Drew Carey, Colin Mochrie, Ryan Stiles, Laura Hall, Wayne Brady, Linda Taylor, Greg Proops, Brad Sherwood, Cece Worrall Rubin, Charles Esten, Kathryn Greenwood, Denny Siegel, Anne King, Jeff Bryan Davis, Anna Wanselius, Kathy Griffin, Karen Maruyama, Whoopi Goldberg"
206,Big Little Lies(2017),http://imdb.com/title/tt3920596/,8.4,175000,"Crime, Drama, Mystery",2017–2019,TV-MA,"Reese Witherspoon, Nicole Kidman, Shailene Woodley, Zoë Kravitz, Adam Scott, Laura Dern, James Tupper, Alexander Skarsgård, Jeffrey Nordling, Iain Armitage, Darby Camp, Kathryn Newton, Cameron Crovetti, Nicholas Crovetti, Chloe Coleman, Ivy George, Larry Sullivan, Merrin Dungey"
207,Sons of Anarchy(2008),http://imdb.com/title/tt1124373/,8.4,276000,"Crime, Drama, Thriller",2008–2014,TV-MA,"Charlie Hunnam, Katey Sagal, Mark Boone Junior, Kim Coates, Tommy Flanagan, Theo Rossi, Dayton Callie, Maggie Siff, Ron Perlman, David Labrava, Ryan Hurst, William Lucking, Michael Ornstein, Winter Ave Zoli, Jimmy Smits, Niko Nicotera, Chris Reed, Drea de Matteo"
208,I'm Alan Partridge(1997),http://imdb.com/title/tt0129690/,8.4,20000,Comedy,1997–2002,TV-MA,"Steve Coogan, Simon Greenall, Felicity Montagu, Phil Cornwell, Andrew Burt, Amelia Bullmore, Barbara Durkin, Sally Phillips, James Lance, Tim Dantay, David Schneider, Simon Ludders, Danny Cunningham, Terence Booth, Michael Wardle, Peter Baynham, Polly Kemp, Steve Brody"
209,It's Okay to Not Be Okay(2020),http://imdb.com/title/tt12451520/,8.4,16000,"Comedy, Drama, Romance",2020,TV-MA,"Kim Soo-hyun, Seo Ye-Ji, Oh Jeong-Se, Park Gyuyoung, Park Jin-Joo, Kim Joo-Heon, Kang Ki-Doong, Jang Young-Nam, Jang Gyu-ri, Kim Chang-wan, Lee Eol, Jeong Jaekwang, Ki-Cheon Kim, Kim Mi-Kyung, Choi Woo-Sung, Kim Soo-In, Kang Ji-Eun, Joon Seo"
210,The Defiant Ones(2017),http://imdb.com/title/tt6958022/,8.4,13000,"Documentary, Biography, Crime",2017,TV-MA,"Bono, Dr. Dre, Jimmy Iovine, Janet Mormile, Stevie Nicks, Tom Petty, Sean 'Diddy' Combs, The D.O.C., DJ Yella, Verna Griffin, Ice Cube, Vicki Iovine, Doug Morris, Nas, Trent Reznor, Snoop Dogg, Bruce Springsteen, Gwen Stefani"
211,Spartacus(2010),http://imdb.com/title/tt1442449/,8.4,231000,"Action, Adventure, Biography",2010–2013,TV-MA,"Andy Whitfield, Lucy Lawless, Manu Bennett, Daniel Feuerriegel, Peter Mensah, Nick E. Tarabay, Viva Bianca, Liam McIntyre, Pana Hema Taylor, Cynthia Addai-Robinson, Dustin Clare, Heath Jones, Katrina Law, Ellen Hollman, Barry Duffield, Kelvin Taylor, John Hannah, Craig Parker"
212,Mr Inbetween(2018),http://imdb.com/title/tt7472896/,8.4,12000,"Crime, Drama",2018–2021,TV-MA,"Scott Ryan, Chika Yasumura, Justin Rosniak, Damon Herriman, Brooke Satchwell, Nicholas Cassim, Natalie Tran, Matt Nable, Lizzie Schebesta, Jed, Jeremy Sims, Kenny Graham, Eddie Baroo, Josh McConville, Kieran Darcy-Smith, David Michôd, Scott Harrison, Rose Riley"
213,Ethos(2020),http://imdb.com/title/tt11301642/,8.4,24000,"Drama, Thriller",2020– ,TV-MA,"Öykü Karayel, Fatih Artman, Funda Eryigit, Defne Kayalar, Settar Tanriögen, Tülin Özen, Bige Önal, Göktug Yildirim, Neil Vanides, Gokhan Yikilkan, Alican Yücesoy, Nesrin Cavadzade, Cemre Zisan Sagbir, Derya Karadas, Esme Madra, Aziz Çapkurt, Incinur Sevimli, Özge Özel"
214,Erased(2016),http://imdb.com/title/tt5249462/,8.4,37000,"Animation, Drama, Fantasy",2016,TV-14,"Ben Diskin, Shinnosuke Mitsushima, Michelle Ruff, Minami Takayama, Tao Tsuchiya, David W. Collins, Sara Cravens, Mitsuru Miyamoto, Stephanie Sheh, Christine Marie Cabanos, Ayaka Nanase, Aoi Yûki, Ryan Bartley, Yukitoshi Kikuchi, Akari Kitô, Erica Mendez, You Taichi, Bobby Thong"
215,My Brilliant Friend(2018),http://imdb.com/title/tt7278862/,8.4,12000,Drama,2018– ,TV-MA,"Alba Rohrwacher, Margherita Mazzucco, Gaia Girace, Annarita Vitolo, Alessio Gallo, Valentina Acca, Giovanni Amura, Antonio Buonanno, Gennaro De Stefano, Francesco Serpico, Elvis Esposito, Luca Gallone, Fabrizio Cottone, Ulrike Migliaresi, Chiara Di Costanzo, Pina Di Gennaro, Sarah Falanga, Anna Cerchia"
216,Mare of Easttown(2021),http://imdb.com/title/tt10155688/,8.4,110000,"Crime, Drama, Mystery",2021,TV-MA,"Kate Winslet, Julianne Nicholson, Jean Smart, Angourie Rice, John Douglas Thompson, Joe Tippett, Cameron Mann, Jack Mulhern, Izzy King, Justin Hurtt-Dunkley, Sosie Bacon, David Denman, Neal Huff, James McArdle, Guy Pearce, Ruby Cruz, Enid Graham, Chinasa Ogbuagu"
217,Harley Quinn(2019),http://imdb.com/title/tt7658402/,8.4,19000,"Animation, Action, Adventure",2019– ,TV-MA,"Kaley Cuoco, Lake Bell, Alan Tudyk, Ron Funches, Tony Hale, Matt Oberg, Jason Alexander, Diedrich Bader, Christopher Meloni, J.B. Smoove, Jim Rash, James Adomian, Andrew Daly, Vanessa Marshall, Tisha Campbell, Phil LaMarr, Rahul Kohli, Briana Cuoco"
218,Black Books(2000),http://imdb.com/title/tt0262150/,8.4,56000,Comedy,2000–2004,TV-PG,"Dylan Moran, Bill Bailey, Tamsin Greig, Paul Beech, Daisy Campbell, Ben Homewood, Nick Frost, Tony Way, Mark Aiken, John Arthur, Terry Bird, Tony Bluto, Omid Djalili, Howard Coggins, Andrew T. Collins, Nina Conti, Jessica Hynes, Rose Keegan"
219,John Adams(2008),http://imdb.com/title/tt0472027/,8.4,30000,"Biography, Drama, History",2008,TV-14,"Paul Giamatti, Laura Linney, John Dossett, Stephen Dillane, Sarah Polley, Samuel Barnett, David Morse, Andrew Scott, Danny Huston, Ebon Moss-Bachrach, Steven Hinkle, Madeline Taylor, Mamie Gummer, Kevin Trainor, Tom Wilkinson, Michael Hall D'Addario, Rufus Sewell, Justin Theroux"
220,"Love, Death & Robots(2019)",http://imdb.com/title/tt9561862/,8.4,125000,"Animation, Short, Action",2019– ,TV-MA,"Scott Whyte, Nolan North, Steven Pacey, Emily O'Brien, Fred Tatasciore, Matthew Yang King, Michelle C. Bonilla, Chris Cox, Ike Amadi, Noshir Dalal, Piotr Michael, Michael Benyaer, Josh Brener, Elly Condron, Henry Douthwaite, Graham Hamilton, Aaron Himelstein, Stefan Kapicic"
221,The Knick(2014),http://imdb.com/title/tt2937900/,8.4,46000,"Drama, History",2014–2015,TV-MA,"André Holland, Clive Owen, Jeremy Bobb, Juliet Rylance, Eve Hewson, Michael Angarano, Cara Seymour, Eric Johnson, Chris Sullivan, Grainger Hines, Zuzanna Szadkowski, Maya Kazan, Ylfa Edelstein, Lucas Papaelias, Leon Addison Brown, Charles Aitken, Tom Lipinski, Jennifer Ferrin"
222,Schitt's Creek(2015),http://imdb.com/title/tt3526078/,8.4,98000,Comedy,2015–2020,TV-14,"Eugene Levy, Catherine O'Hara, Dan Levy, Annie Murphy, Chris Elliott, Emily Hampshire, Jennifer Robertson, Sarah Levy, Karen Robinson, Dustin Milligan, Noah Reid, John Hemphill, Tim Rozon, Marilyn Bellfontaine, Mary Kelly, Jennifer Foster, Lili Connor, Rizwan Manji"
223,Dr. Horrible's Sing-Along Blog(2008),http://imdb.com/title/tt1227926/,8.4,43000,"Short, Comedy, Musical",2008,TV-PG,"Neil Patrick Harris, Nathan Fillion, Felicia Day, Simon Helberg, Nick Towne, Jed Whedon, Rob Reinis, Otto Michael Penzato, Richard Partlow, Maurissa Tancharoen, Stacy Shirk, Steve Berg, David Fury, Marti Noxon, Michael Boretz, Lance W. Lanfear, Michael G. Canaan, Jonathan Reilly"
224,The Venture Bros.(2003),http://imdb.com/title/tt0417373/,8.4,25000,"Animation, Action, Adventure",2003–2018,TV-MA,"Christopher McCulloch, James Urbaniak, Doc Hammer, Michael Sinterniklaas, Patrick Warburton, Steven Rattazzi, Paul Boocock, Soul-Bot, Lisa Hammer, Dana Snyder, Mia Barron, Brendon Small, Charles Parnell, Mark Gagliardi, Hal Lublin, Cristin Milioti, Kate McKinnon, Nina Hellman"
225,The New Batman Adventures(1997),http://imdb.com/title/tt0118266/,8.4,16000,"Animation, Action, Adventure",1997–1999,TV-PG,"Kevin Conroy, Tara Strong, Mathew Valencia, Efrem Zimbalist Jr., Loren Lester, Robert Costanzo, Bob Hastings, Arleen Sorkin, Jeff Bennett, Mark Hamill, Paul Williams, Diane Pershing, Mel Winkler, Charles Rocket, Adrienne Barbeau, Richard Moll, Suzanne Stone, Brooks Gardner"
226,Delhi Crime(2019),http://imdb.com/title/tt9398466/,8.4,17000,"Crime, Drama",2019– ,TV-MA,"Shefali Shah, Rajesh Tailang, Rasika Dugal, Anurag Arora, Jaya Bhattacharya, Yashaswini Dayama, Vinod Sharawat, Adil Hussain, Sidharth Bhardwaj, Gopal Datt, Denzil Smith, Swati Bhatia, Mridul Sharma, Abhilasha Singh, Sanjay Bishnoi, Shobhna Bharadwaj, Gaurav Rana, Amitabh Acharya"
227,Community(2009),http://imdb.com/title/tt1439629/,8.4,238000,Comedy,2009–2015,TV-14,"Joel McHale, Danny Pudi, Donald Glover, Chevy Chase, Gillian Jacobs, Alison Brie, Ken Jeong, Yvette Nicole Brown, Jim Rash, Richard Erdman, Erik Charles Nielsen, Dino Stamatopoulos, Danielle Kaplowitz, John Oliver, Charley Koontz, Luke Youngblood, Paget Brewster, Keith David"
228,Inside No. 9(2014),http://imdb.com/title/tt2674806/,8.4,15000,"Comedy, Drama, Horror",2014– ,TV-MA,"Reece Shearsmith, Steve Pemberton, Derek Jacobi, Rosie Cavaliero, Aimee-Ffion Edwards, Denis Lawson, Katherine Parkinson, Sheridan Smith, Christopher Whitlow, Peter Kay, Alexandra Roach, Jaygann Ayeh, Monica Dolan, Weruche Opia, Nicola Walker, Jenna Coleman, Phil Davis, David Morrissey"
229,The Punisher(2017),http://imdb.com/title/tt5675620/,8.4,201000,"Action, Crime, Drama",2017–2019,TV-MA,"Jon Bernthal, Amber Rose Revah, Ben Barnes, Jason R. Moore, Ebon Moss-Bachrach, Floriana Lima, Josh Stewart, Giorgia Whigham, Jaime Ray Newman, Kobi Frumer, Paul Schulze, Michael Nathanson, Royce Johnson, Tony Plana, Ripley Sobo, Daniel Webber, Kelli Barrett, Samuel María Gómez"
230,Horace and Pete(2016),http://imdb.com/title/tt5425186/,8.4,16000,"Comedy, Drama",2016,TV-MA,"Louis C.K., Steve Buscemi, Edie Falco, Steven Wright, Kurt Metzger, Alan Alda, Jessica Lange, Liza Treyger, Aidy Bryant, Nick Di Paolo, Maria Dizzia, Tom Noonan, Dov Davidoff, Craig muMs Grant, Reg E. Cathey, Greer Barnes, Karen Pittman, Mark Normand"
231,Generation War(2013),http://imdb.com/title/tt1883092/,8.4,28000,"Action, Drama, History",2013,TV-MA,"Volker Bruch, Tom Schilling, Katharina Schüttler, Miriam Stein, Ludwig Trepte, Mark Waschke, Henriette Richter-Röhl, Götz Schubert, Hildegard Schroedter, Christiane Paul, Sylvester Groth, Alina Levshin, Lucas Gregorowicz, Maxim Mehmet, Adam Markiewicz, Johanna Gastdorf, Peter Kremer, Trystan Pütter"
232,Flames(2018),http://imdb.com/title/tt7927936/,8.4,27000,"Comedy, Drama, Romance",2018–2019,TV-14,"Ritvik Sahore, Tanya Maniktala, Sunakshi Grover, Shivam Kakar, Deepesh Sumitra Jagdish, Farabi Md Refat, Kunal Aneja, Sachin Kathuria, Neelu Dogra, Sachin Vidrohi, Purnendu Bhattacharya, Anushka Sharma, Raj Sharma, Sahil Verma, Ujjawal Aggarwal, Simar Singh Oberoi, Lalit Shokeen, Manan Madaan"
233,Feud: Bette and Joan(2017),http://imdb.com/title/tt1984119/,8.4,18000,"Biography, Drama",2017,TV-MA,"Jessica Lange, Susan Sarandon, Judy Davis, Jackie Hoffman, Alfred Molina, Stanley Tucci, Alison Wright, Catherine Zeta-Jones, Dominic Burgess, Joel Kelley Dauten, Kathy Bates, Kiernan Shipka, Molly Price, Brooke Star, Chelsea Summer, Reed Diamond, Matthew Glave, Ken Lerner"
234,Ghost in the Shell: Stand Alone Complex(2002),http://imdb.com/title/tt0346314/,8.4,19000,"Animation, Action, Crime",2002–2005,TV-MA,"Shirô Saitô, Mary Elizabeth McGlynn, William Frederick Knight, Richard Epcar, Crispin Freeman, Peggy O'Neal, Dino Andrade, Kevin Brief, Loy Edge, Barbara Goodson, Kate Higgins, Patricia Ja Lee, Michael McConnohie, Liam O'Brien, Douglas Rye, Barry Stigler, Doug Stone, Julie Ann Taylor"
235,Futurama(1999),http://imdb.com/title/tt0149460/,8.4,222000,"Animation, Comedy, Sci-Fi",1999–2013,TV-14,"Billy West, John DiMaggio, Katey Sagal, Tress MacNeille, Phil LaMarr, Lauren Tom, Maurice LaMarche, David Herman, Frank Welker, Kath Soucie, Dawnn Lewis, Tom Kenny, Dan Castellaneta, George Takei, Nicole St. John, Phil Hendrie, Al Gore, Pamela Anderson"
236,Jesus of Nazareth(1977),http://imdb.com/title/tt0075520/,8.4,21000,"Biography, Drama, History",1977,TV-G,"Robert Powell, Olivia Hussey, Laurence Olivier, James Mason, Anne Bancroft, Ernest Borgnine, Claudia Cardinale, Valentina Cortese, James Farentino, James Earl Jones, Stacy Keach, Tony Lo Bianco, Ian McShane, Donald Pleasence, Christopher Plummer, Anthony Quinn, Fernando Rey, Ralph Richardson"
237,Wentworth(2013),http://imdb.com/title/tt2433738/,8.4,19000,"Crime, Drama",2013–2021,TV-MA,"Kate Atkinson, Katrina Milosevic, Robbie Magasiva, Jacqueline Brennan, Celia Ireland, Pamela Rabe, Kate Jenkinson, Lucia Brancatisano, Bernard Curry, Lauri McLennan, Nicole da Silva, Shareena Clanton, Eloise Wright, Danielle Cormack, Tammy Macintosh, Rarriwuy Hick, Katherine Grinlaw, Susie Porter"
238,Scenes from a Marriage(1973),http://imdb.com/title/tt0070644/,8.4,16000,Drama,1973,TV-PG,"Liv Ullmann, Erland Josephson, Bibi Andersson, Gunnel Lindblom, Wenche Foss, Jan Malmsjö, Bertil Norström, Anita Wall, Rossana Mariano, Lena Bergman, Ingmar Bergman, Barbro Hiort af Ornäs"
239,The Prisoner(1967),http://imdb.com/title/tt0061287/,8.4,13000,"Drama, Mystery, Sci-Fi",1967–1968,TV-PG,"Patrick McGoohan, Angelo Muscat, Peter Swanwick, Peter Brace, Leo McKern, Christopher Benjamin, Michael Miller, Alexis Kanner, Bill Cummings, Frank Maher, Patrick Cargill, Colin Gordon, Kenneth Griffith, Georgina Cookson, Harold Berens, John Cazabon, Bee Duffell, John Maxim"
240,Avrupa Yakasi(2004),http://imdb.com/title/tt0421291/,8.4,17000,Comedy,2004–2009,2004–2009,"Yakup Tekin, Gülse Birsel, Levent Üzümcü, Hale Caneroglu, Senay Gürler, Yildirim Öcek, Veysel Diker, Gazanfer Özcan, Hümeyra, Yavuz Seçkin, Engin Günaydin, Vural Çelik, Hasibe Eren, Sarp Apak, Celal Belgil, Sensel Uykal, Ececan Gümeci, Ata Demirer"
241,Luther(2010),http://imdb.com/title/tt1474684/,8.4,128000,"Crime, Drama, Mystery",2010–2019,TV-MA,"Idris Elba, Dermot Crowley, Michael Smiley, Warren Brown, Ruth Wilson, Paul McGann, Nikki Amuka-Bird, Steven Mackintosh, Saskia Reeves, Indira Varma, Patrick Malahide, Sienna Guillory, Aimee-Ffion Edwards, David O'Hara, Kierston Wareing, Michael Obiora, Anton Valensi, Enzo Cilenti"
242,X-Men: The Animated Series(1992),http://imdb.com/title/tt0103584/,8.4,40000,"Animation, Action, Family",1992–1997,TV-Y7,"Cedric Smith, Cal Dodd, Lenore Zann, George Buza, Alyson Court, Catherine Disher, Norm Spencer, Chris Potter, Alison Sealy-Smith, Lawrence Bayne, David Hemblen, John Colicos, Ron Rubin, Don Francks, Stephen Ouimette, Marc Strange, Philip Akin, Lally Cadeau"
243,Guardian: The Lonely and Great God(2016),http://imdb.com/title/tt5994364/,8.4,16000,"Comedy, Drama, Fantasy",2016–2017,TV-14,"Gong Yoo, Kim Go-eun, Lee Dong-Wook, Yoo In-Na, Sung-Jae Yook, Lee El, Woo-jin Jo, Sung Kyum Kim, Byeong-cheol Kim, Yeom Hye-ran, Min-Jae Kim, Kim So-Hyun, Woong Choi, Yeong-gi Jeong, Kyung-hye Park, Choi Ri, Ko Bo-Gyeol, Anastasia Kim"
244,Vikings(2013),http://imdb.com/title/tt2306299/,8.4,473000,"Action, Adventure, Drama",2013–2020,TV-MA,"Katheryn Winnick, Gustaf Skarsgård, Alexander Ludwig, Georgia Hirst, Alex Høgh Andersen, Jordan Patrick Smith, Marco Ilsø, Peter Franzén, Travis Fimmel, Clive Standen, John Kavanagh, Jennie Jacques, Maude Hirst, Moe Dunford, Alyssa Sutherland, Linus Roache, George Blagden, Adam Copeland"
245,Garth Marenghi's Darkplace(2004),http://imdb.com/title/tt0397150/,8.4,17000,"Comedy, Fantasy, Horror",2004,TV-MA,"Richard Ayoade, Matt Berry, Matthew Holness, Alice Lowe, Kim Noble, Julian Barratt, Matt Green, Sarah Kants, Graham Linehan, Stephen Merchant, Spencer Brown, Bronwen Davies, Noel Fielding, Lydia Fox, Paul King, Kevin Hudson, Nicholas Ivanov, Lawrence Michelowski"
246,Sacred Games(2018),http://imdb.com/title/tt6077448/,8.4,83000,"Action, Crime, Drama",2018–2019,TV-MA,"Saif Ali Khan, Nawazuddin Siddiqui, Neeraj Kabi, Elnaaz Norouzi, Aamir Bashir, Shalini Vatsa, Jatin Sarna, Luke Kenny, Chittaranjan Tripathy, Pankaj Tripathi, Radhika Apte, Jitendra Joshi, Girish Kulkarni, Surveen Chawla, Kubbra Sait, Rajshri Deshpande, Saurabh Sachdeva, Vikram Kochhar"
247,Maid(2021),http://imdb.com/title/tt11337908/,8.4,22000,Drama,2021,TV-MA,"Margaret Qualley, Nick Robinson, Rylea Nevaeh Whittet, Andie MacDowell, Anika Noni Rose, Tracy Vilar, Billy Burke, BJ Harrison, Raymond Ablack, Xavier de Guzman, Toby Levins, Christie Burke, Angelina Pepper, Amy Reid, Anthony Scardera, Sook Hexamer, Aimee Carrero, Mozhan Marnò"
248,Mushi-Shi(2005),http://imdb.com/title/tt0807832/,8.4,13000,"Animation, Drama, Fantasy",2005–2006,TV-14,"Yûto Nakano, Travis Willingham, Kôjun Itô, Jennifer Seman, Hiroshi Shimozaki, Mika Doi, Ryô Naitô, Luci Christian, Kenny Green, Brina Palencia, Phil Parsons, Charles Baker, Cole Brown, Leah Clark, Pam Dougherty, Takeshi Maeda, Stephanie Young, Monica Rial"
249,House of Cards(1990),http://imdb.com/title/tt0098825/,8.4,14000,Drama,1990,TV-14,"Ian Richardson, Susannah Harker, Miles Anderson, Alphonsia Emmanuel, Malcolm Tierney, Diane Fletcher, Colin Jeavons, Damien Thomas, William Chubb, Kenneth Gilbert, Christopher Owen, David Lyon, Kenny Ireland, James Villiers, Isabelle Amyes, John Hartley, Nicholas Selby, Tommy Boyle"
250,Normal People(2020),http://imdb.com/title/tt9059760/,8.4,51000,"Drama, Romance",2020,TV-14,"Daisy Edgar-Jones, Paul Mescal, Desmond Eastwood, Aislín McGuckin, Sarah Greene, Frank Blake, India Mullen, Eliot Salt, Éanna Hardwicke, Seán Doyle, Fionn O'Shea, Clinton Liberty, Niamh Lynch, Meadhbh Maxwell, Killian Filan, Leah McNamara, Aoife Hinds, Liz Fitzgibbon"
